"Name", "Key"
"Peguba Pineza", "000017-F356CJ-78X9CX-BKQJGP-548PDB-8CDDVJ-GUGU6G-RNJQH3-9DC2PF-F8YEDG"
"Vesazefu Birufos", "000014-TWARZP-2T810A-4ZKUZ3-M5TZEA-XPEEDY-C6GU6G-RNJQH3-9DC2PF-F8YEDG"
"Sidesa Rubavo", "000014-0C3532-1XK8QR-VD8PCU-TBWGPK-XNCNMB-YEGU6G-RNJQH3-9DC2PF-F8YEDG"
"Debasap Rivubo", "000015-A0WP1D-72DU79-TEK39N-9XKPNH-2WAGX3-N2GU6G-RNJQH3-9DC2PF-F8YEDG"
"Asozeku Nuvataze", "000014-PQFXKZ-86FMD2-QPBV9M-PER2V2-8HF0RB-9JGU6G-RNJQH3-9DC2PF-F8YEDG"
"Muvogiba Rukuku", "000014-ZJ6776-677YZP-DAMR2Z-UXWQ97-WQV9KG-N2GU6G-RNJQH3-9DC2PF-F8YEDG"
"Adogat Posinime", "000014-W5VWHD-DYNCG6-ZTRVCT-3V6ZRQ-WBDPWE-6JGU6G-RNJQH3-9DC2PF-F8YEDG"
"Osirefek Niseko", "000014-DXEKDK-T07233-K852D3-KHMN6V-ZC835H-K2GU6G-RNJQH3-9DC2PF-F8YEDG"
"Sipebos Gadimak", "000016-C0UB6D-XDXKGP-RGJCWD-UC1MMJ-TU8WH9-1UGU6G-RNJQH3-9DC2PF-F8YEDG"
"Kaviku Vopefen", "000015-Q03APV-BE6QPY-66EFNF-FAJDNU-BEWQBJ-RAGU6G-RNJQH3-9DC2PF-F8YEDG"
"Tezugon Emuvedub", "000014-614RK4-QMMUU5-C4Q5PV-9ZAF7U-ZNQ507-52GU6G-RNJQH3-9DC2PF-F8YEDG"
"Nabaki Ugalase", "000016-2NE33Y-G938C4-MAJ0XB-M7Q6M5-DH2E7Q-2E70YG-1D41MW-JT22N1-MW81ER"
"Nadateda Mipeguku", "000015-X9J94U-H76E0D-GGMYT1-TH4JKY-7XR3AH-9U70YG-1D41MW-JT22N1-MW81ER"
"Usotat Lumozoto", "000017-HY7HJV-8VF3GV-BQUMQV-T73GMB-J374X3-BE70YG-1D41MW-JT22N1-MW81ER"
"Fogogun Nirodeli", "000015-UW3716-K1ZW6Q-7AUG76-HBTERJ-GMCGJF-CY70YG-1D41MW-JT22N1-MW81ER"
"Udubil Ugezugig", "000016-U865NF-FPAWBG-HHRD7P-UX161D-ZPBMMZ-9270YG-1D41MW-JT22N1-MW81ER"
"Zinupote Elokusu", "000015-WHNH9N-M3ZPZB-2FCUBR-87CQWM-4VYE5V-TE70YG-1D41MW-JT22N1-MW81ER"
"Vanezoko Pokubadu", "000017-51CHPU-W88PXW-WR0Y9T-KY808C-GXHVP5-EJ70YG-1D41MW-JT22N1-MW81ER"
"Visizute Avamis", "000016-MMJVUK-YR4JV5-WFJCJP-CMRUTR-1ECPKH-WP70YG-1D41MW-JT22N1-MW81ER"
"Utazediv Kuzigare", "000015-JF4C6X-PY99AA-95TDYQ-QEPUP9-1KR5EH-NE70YG-1D41MW-JT22N1-MW81ER"
"Nuveleg Tisefof", "000015-A5MDFT-3X5NAZ-VP5Z9B-DZC6BE-W3HM5P-5E70YG-1D41MW-JT22N1-MW81ER"
"Ledovofi Gitizana", "000017-E4429N-A1R4A2-U5HB21-15D5GM-GR4MQD-3A70YG-1D41MW-JT22N1-MW81ER"
"Kopemeg Katudo", "000016-6H7XHD-KTGQG5-7NEE9H-6MQUTY-9MXFE6-KE70YG-1D41MW-JT22N1-MW81ER"
"Miguzes Fomumi", "000017-5KE03N-WU9FER-N5XHWU-ZPK07A-M32CAK-3P70YG-1D41MW-JT22N1-MW81ER"
"Olufig Uvatotup", "000015-YRGCMX-NT8M21-UHPMR5-3Z538D-358Y08-HU70YG-1D41MW-JT22N1-MW81ER"
"Bunugebu Okikimol", "000016-Q06QFR-52D2GA-BBHZUW-Y89JHD-KCNEYB-G270YG-1D41MW-JT22N1-MW81ER"
"Bakavan Esageniv", "000016-26HMY4-34K2QB-07UFU1-DNFGKG-HXK55W-8670YG-1D41MW-JT22N1-MW81ER"
"Dugosa Gugovi", "000014-9TREKP-W0TB9B-J0086D-MFFV32-YJM245-YU70YG-1D41MW-JT22N1-MW81ER"
"Devunil Rududufi", "000015-V0PPW1-M5U3NR-Z21GBB-5TAV2D-J6TJFD-VH1B8K-PBZB85-AUG8TZ-14UJ7Y"
"Lirami Govatofo", "000016-WR3DYD-P0JKH2-N7VNNM-6NXEJD-B4ZTUA-GH1B8K-PBZB85-AUG8TZ-14UJ7Y"
"Rinazal Zebulug", "000016-YKBUR5-WAXAGA-02DVKT-5Z6JUP-Z5PAGR-DT1B8K-PBZB85-AUG8TZ-14UJ7Y"
"Zumodomu Notuledo", "000014-4RT7YJ-ERUA8R-K7P5M9-QXDK8N-XY03WB-K91B8K-PBZB85-AUG8TZ-14UJ7Y"
"Zasolas Lorudefe", "000014-594NVD-HF8Q0U-BEZAPR-8DD0YD-C1AWXP-Z91B8K-PBZB85-AUG8TZ-14UJ7Y"
"Belibe Podadur", "000016-K8XANR-K6FQV7-2WTVGP-TPBNBB-GFA15W-BN1B8K-PBZB85-AUG8TZ-14UJ7Y"
"Tepipil Runoriv", "000014-FGPXH0-11W33B-JHJ2MJ-U4XNMY-QDU4F7-491B8K-PBZB85-AUG8TZ-14UJ7Y"
"Fupulafo Tasuso", "000016-VB4859-M70CHH-WRH4H2-RV8JH7-UZPW58-T91B8K-PBZB85-AUG8TZ-14UJ7Y"
"Ugoner Unezet", "000017-H0BDRX-1VUEAC-K5ZXQT-A7826D-D2ATGY-1T1B8K-PBZB85-AUG8TZ-14UJ7Y"
"Liradebi Zabiset", "000014-CT69ZT-1BGA9G-U9NVGU-C2B2Y5-3WTX8M-F51B8K-PBZB85-AUG8TZ-14UJ7Y"
"Mematim Ofegusol", "000015-3ZZN97-HJN6NW-U0UETZ-E3U058-TQMUG2-TX1B8K-PBZB85-AUG8TZ-14UJ7Y"
"Ratozuza Ketuni", "000014-PZNGJV-X1X0C0-ED7JBM-E82Z5R-WMF9VY-7H1B8K-PBZB85-AUG8TZ-14UJ7Y"
"Gedobo Tunavi", "000016-0C0KAH-6903XH-CRM7CQ-HMXYC4-MBQ95P-0N1B8K-PBZB85-AUG8TZ-14UJ7Y"
"Lagemos Dukakipo", "000017-XEB18W-J2AJX0-PDW770-5KM0AD-VU4XU1-BT1B8K-PBZB85-AUG8TZ-14UJ7Y"
"Gasifedu Sesutani", "000017-B9D2HA-XKV5KW-PDZDNM-1T0JER-H9QTBR-VN1B8K-PBZB85-AUG8TZ-14UJ7Y"
"Onibotu Bavepe", "000017-Z54081-HWV9U8-GHZAVQ-9VPF14-JDVW1D-7H1B8K-PBZB85-AUG8TZ-14UJ7Y"
"Kodugosa Efibiz", "000015-PATPET-NPK3A1-4G5UCN-6RN8K3-6N74E0-K51B8K-PBZB85-AUG8TZ-14UJ7Y"
"Atotesor Pudemote", "000017-CGFJB4-JUK2K5-PKJV5A-5UKGW0-A5FFCU-92UP88-XA69R5-785NED-494GYQ"
"Visuvimi Emesofez", "000017-0QQJQ5-R9AQAH-P3DU0N-WT4Z5X-QUNAN0-W2UP88-XA69R5-785NED-494GYQ"
"Uzidap Lumidot", "000014-W36EMG-FT1JJY-P1JGWP-1WV7GD-C0C0N6-GPUP88-XA69R5-785NED-494GYQ"
"Damevum Kugonine", "000014-6CEEMJ-3R8TE6-ZVVY4K-40X5TN-3F3CAT-GAUP88-XA69R5-785NED-494GYQ"
"Omofeva Afisag", "000015-VQ2DFW-EKETQ1-7W2KTQ-6Z1HD6-P0FTRJ-3PUP88-XA69R5-785NED-494GYQ"
"Fobumud Pivabob", "000014-R2B0N5-FZ3G1T-VNCBBM-MCDEJR-VD4E2Q-D6UP88-XA69R5-785NED-494GYQ"
"Noraga Tedorep", "000016-G3KW1R-E74YF2-Z0U6C5-EXZDJ1-68KFD0-BUUP88-XA69R5-785NED-494GYQ"
"Anebik Uzazutot", "000014-12G0D8-XKTXPZ-V8N6AW-K5409C-KYKMEB-6UUP88-XA69R5-785NED-494GYQ"
"Sulogeba Todete", "000015-0MZ60K-EKC99A-2GP9CE-KF7CRJ-75R710-C2UP88-XA69R5-785NED-494GYQ"
"Dudefu Zosatol", "000016-6RHV3E-PQM3TG-YFYYCV-0V827Q-5C1GEX-CAUP88-XA69R5-785NED-494GYQ"
"Uvuvovi Rofene", "000014-0B5MXG-Z6H0XY-GQM20C-NR3Z5V-DXBF8U-ZUUP88-XA69R5-785NED-494GYQ"
"Dozelu Lenune", "000016-R0Z5WX-JD40MA-KYQHW9-7WEU14-UJFFA6-R6UP88-XA69R5-785NED-494GYQ"
"Kaboruvu Lagekura", "000014-DD9YV0-2RW3EM-TA0GZW-WF8AXT-HJE1TH-V6UP88-XA69R5-785NED-494GYQ"
"Fezuze Damari", "000015-3NPTGY-ZG3VKY-B62RKZ-244APW-QYUWK9-P6UP88-XA69R5-785NED-494GYQ"
"Lulafeb Benofed", "000017-A0NBPF-223Q43-19W48R-HD3KMC-9XFB1V-VUUP88-XA69R5-785NED-494GYQ"
"Zafevone Odepini", "000014-PUD90A-Q192AX-32P7AK-4M0DMP-RRC7PX-Y2UP88-XA69R5-785NED-494GYQ"
"Podiri Ofekuval", "000017-NHWCRK-G998MK-622CVK-BZEE1G-GABE82-9EUP88-XA69R5-785NED-494GYQ"
"Zemelalo Suladuno", "000015-6FDMA2-7BGURQ-ZW6B08-BJDCP5-EXTMNP-87HYKR-TDE256-TVDZMZ-83HJ4U"
"Lemulab Bobopure", "000014-R7Q9VY-J8F26E-AAUH6G-A8Y4FN-2AWUQB-RFHYKR-TDE256-TVDZMZ-83HJ4U"
"Onofimek Goviler", "000017-AWBRAZ-R9F122-ME4G11-75C8Y8-E5YTCT-2QHYKR-TDE256-TVDZMZ-83HJ4U"
"Simipeza Defikem", "000017-HFV1WT-3UEBG3-6JAK4B-CMQJEZ-WP29UX-KQHYKR-TDE256-TVDZMZ-83HJ4U"
"Nokise Vifenunu", "000017-ZJNY9T-WDEPZ3-PQEN38-TF53T5-A71G5J-VFHYKR-TDE256-TVDZMZ-83HJ4U"
"Fesetofi Darofa", "000015-2EUWHR-QHG9JK-U10UNF-NHVBYY-KDUK6Z-WVHYKR-TDE256-TVDZMZ-83HJ4U"
"Nizuloba Ulinud", "000017-3UJUUH-X51795-A20CNK-6E8THD-GGQQNV-6ZHYKR-TDE256-TVDZMZ-83HJ4U"
"Tuvelalo Umenipal", "000016-MUKNAN-34MVKT-6VV227-B0FPBG-R4PYZJ-EBHYKR-TDE256-TVDZMZ-83HJ4U"
"Onalito Gogoke", "000014-VB027M-D4B45F-CUU80R-D1DV48-EWX7EF-9QHYKR-TDE256-TVDZMZ-83HJ4U"
"Uvofik Likutira", "000014-BH725K-U8M008-CWTD43-XUTR12-PWME0E-EKHYKR-TDE256-TVDZMZ-83HJ4U"
"Vumetive Pekuvef", "000017-252WF9-QVVFAJ-JYJ11Y-1Q7JKW-RMNNFV-TQHYKR-TDE256-TVDZMZ-83HJ4U"
"Dakurak Rusubura", "000014-QU6Y0B-527AGZ-GYXTFR-UNJJWF-ZCKFRD-HQHYKR-TDE256-TVDZMZ-83HJ4U"
"Evafepad Bogame", "000015-6CZR3T-E6D6QH-NTD0RM-AZ9PDK-YB94Z6-47HYKR-TDE256-TVDZMZ-83HJ4U"
"Usosagor Atubefob", "000016-PXNHNE-38PQ6Q-2XUJ3J-6GMXXV-K60ZRP-MVHYKR-TDE256-TVDZMZ-83HJ4U"
"Ukametub Erokalad", "000015-TW60X6-WECXD6-QY8FQP-19Y2ZE-PY646Y-F3HYKR-TDE256-TVDZMZ-83HJ4U"
"Tumetum Fimirogu", "000016-Y9BH7Z-HCV52F-MBZPKX-C07CDC-AK3CZW-EFHYKR-TDE256-TVDZMZ-83HJ4U"
"Pelezi Ufasov", "000017-UTDEXT-CHPRGJ-3WCFW7-5ZT56F-3X2AP7-VFHYKR-TDE256-TVDZMZ-83HJ4U"
"Bonazivu Fogosoda", "000014-VW9DJJ-TRTDP0-2F61RR-KYU4YN-0GXUM5-8WVF60-WM7QXF-GHTCHJ-64P727"
"Emedafe Nutokebi", "000014-28CJ2Y-2VEQJG-Y9A76N-U3QUBK-MGH60Y-UWVF60-WM7QXF-GHTCHJ-64P727"
"Kofoma Mezulum", "000015-N7M91F-YWK72C-MFW57W-4VCB68-39Y7DG-A8VF60-WM7QXF-GHTCHJ-64P727"
"Epikir Obuteg", "000016-V6R0BV-8VM84H-1EAETB-1KMHRV-CEMRNY-4RVF60-WM7QXF-GHTCHJ-64P727"
"Fesoku Unamira", "000016-1K59HX-CBCX1W-FQNMT8-3Q2BKC-89BXZQ-A4VF60-WM7QXF-GHTCHJ-64P727"
"Vedutab Esivabe", "000017-WV27H7-EYWDA2-EGK367-AGNEFB-2QF6R8-D0VF60-WM7QXF-GHTCHJ-64P727"
"Rivivem Fumida", "000016-DWEYJN-8QVBGN-P85GC5-Q5NHHN-7Y1GMT-9RVF60-WM7QXF-GHTCHJ-64P727"
"Sideka Mapirudi", "000015-RU3AVK-AKH8T2-HMU04V-N2N523-7E7GY8-XGVF60-WM7QXF-GHTCHJ-64P727"
"Kodete Medururu", "000015-YCU7CM-BWZ0XW-JN3QA1-CYUMUT-D8DW83-G4VF60-WM7QXF-GHTCHJ-64P727"
"Gedudiv Kezobep", "000016-537JQ8-QTQQZA-H5K20X-DP4BJV-PQDD91-8CVF60-WM7QXF-GHTCHJ-64P727"
"Rafale Uronef", "000016-YT7PVH-YKUVM4-DQH7B5-KPYAW2-KGE7BF-6CVF60-WM7QXF-GHTCHJ-64P727"
"Zanosi Burelo", "000014-HXDQKA-5AHAJ3-8VV0X1-4P9NHY-NQKKY1-M8VF60-WM7QXF-GHTCHJ-64P727"
"Defezu Toramos", "000017-RUV9XY-24PX85-BT77TC-997PHC-U7K1G5-G0VF60-WM7QXF-GHTCHJ-64P727"
"Tefafek Odotelug", "000016-Z5M386-XZ904E-J417EP-82UZ88-38TWBA-GWVF60-WM7QXF-GHTCHJ-64P727"
"Tizagik Atefesa", "000014-PE5W7K-E4BUFB-F5J933-4RYYRF-HJ4TJB-G8VF60-WM7QXF-GHTCHJ-64P727"
"Kurino Savogi", "000017-UNVT4W-YMXQNA-J3FAEX-P3G7JN-MW7NZR-Y8VF60-WM7QXF-GHTCHJ-64P727"
"Setavis Salones", "000016-H2EVJH-ZNH97E-4CWXKQ-R03DF6-XX0FBX-GGVF60-WM7QXF-GHTCHJ-64P727"
"Dekovod Rilimog", "000016-HYJJ40-E374MA-HF988B-0HQZ1C-W1ZPAN-2QEVJK-1M4B6U-QMYJHU-MPKB8A"
"Diveli Aturam", "000015-09770P-9JK41Z-7CF5VE-5UEVPX-4RBK0M-WKEVJK-1M4B6U-QMYJHU-MPKB8A"
"Aduzumod Vokeke", "000015-BG6FFM-Y6V01M-UD9PKH-UNWFUT-J2NN2C-GZEVJK-1M4B6U-QMYJHU-MPKB8A"
"Potizofe Zaneze", "000016-JRKPFU-J1R22N-1ABBPC-7MVFFN-04QNPC-1FEVJK-1M4B6U-QMYJHU-MPKB8A"
"Sibuka Lufeku", "000014-7M5QFM-M0DMA1-T1E9GB-TQ94RG-PK7K8M-HQEVJK-1M4B6U-QMYJHU-MPKB8A"
"Ratosal Bepisimi", "000017-X4CXBP-KJD4JF-91F682-7DU02B-R68M2R-BZEVJK-1M4B6U-QMYJHU-MPKB8A"
"Nugali Defumu", "000017-R4BHDZ-BR4GGE-Z95QBG-NX96XD-BZF5YR-RVEVJK-1M4B6U-QMYJHU-MPKB8A"
"Sikomola Salovab", "000014-UKP44V-9WVPBP-P76WW2-WH2M21-F1JURG-KKEVJK-1M4B6U-QMYJHU-MPKB8A"
"Vuminile Zulega", "000017-EZYY8F-CTTQ8B-ZT636T-HJJW6G-XCM5UT-F7EVJK-1M4B6U-QMYJHU-MPKB8A"
"Pileba Fuletav", "000016-QZVYWP-J7KMG0-WBYM8X-BFC8BY-TAQK8P-H3EVJK-1M4B6U-QMYJHU-MPKB8A"
"Zurilufi Keketunu", "000016-F69N8C-MYGM7W-0GBQDJ-15AGFB-6F518J-C3EVJK-1M4B6U-QMYJHU-MPKB8A"
"Ladeteta Tidufado", "000015-UC9C82-G9A6Y2-7QW4CE-RYN69V-EA5YWT-9VEVJK-1M4B6U-QMYJHU-MPKB8A"
"Supemag Timuzuz", "000016-BAQ5EJ-NGZK5E-AGU92B-2WP66N-W2WVQC-GZEVJK-1M4B6U-QMYJHU-MPKB8A"
"Edekaka Tazezova", "000015-6ABE5P-UX2JFJ-5E6Y85-T2DNPN-D4X6P1-DZEVJK-1M4B6U-QMYJHU-MPKB8A"
"Segavage Nugape", "000014-BCWWMA-5TBRHX-3QRTH4-TK53WN-DW79MD-MZEVJK-1M4B6U-QMYJHU-MPKB8A"
"Goruzi Ovopebet", "000014-PG91PW-FD7JHB-7MZCT7-2J50NT-VV70Z2-6BEVJK-1M4B6U-QMYJHU-MPKB8A"
"Mimeke Kusuzes", "000016-HWEVF6-XQ7K6V-M5FT86-XPWBJB-97QKYM-KVEVJK-1M4B6U-QMYJHU-MPKB8A"
"Bedose Nufasa", "000017-M35ZMW-1CMTY5-WRTNDZ-QX2N49-VT10RQ-Z55BK3-B088XU-3JT560-5N4C6V"
"Zopezela Avuneg", "000015-8KWF9X-3YUN5H-VJQV2U-N817VU-48VJ4T-F55BK3-B088XU-3JT560-5N4C6V"
"Galimile Podize", "000016-Q9QX6D-KHQAXJ-JPVUNK-VJM5CA-FRJZVR-2H5BK3-B088XU-3JT560-5N4C6V"
"Lalugom Opefuvef", "000015-G9W4JV-7Z7Y5X-EYU2QT-JV4WTU-QE81ZN-4T5BK3-B088XU-3JT560-5N4C6V"
"Vadate Edadapo", "000014-G81RX2-CGH95K-0J2U82-6WMPD8-W5GBJH-R55BK3-B088XU-3JT560-5N4C6V"
"Odatama Lazobaz", "000017-E9CCCF-VCP1MC-MKJP57-M51UVG-T23CUD-DD5BK3-B088XU-3JT560-5N4C6V"
"Rurudeso Zadokap", "000015-DMXPAV-AKFW0W-UU7BN3-X4F80G-TWCXCQ-JH5BK3-B088XU-3JT560-5N4C6V"
"Fuvivar Rukukes", "000017-1NPR75-GJK528-2HNE1E-KWRQHD-ENVATK-XN5BK3-B088XU-3JT560-5N4C6V"
"Tuteduku Vatibate", "000015-C9XGUH-T71WVT-6QUE4M-5M0KY8-CJHB3A-0H5BK3-B088XU-3JT560-5N4C6V"
"Viniba Gapenad", "000016-MD03H8-70TPUG-DYK3XZ-XC3PHP-K4JPE5-RH5BK3-B088XU-3JT560-5N4C6V"
"Alutafe Zalogad", "000016-610KW3-3QUWAY-ANTFKT-8G2YHF-F8YD4P-DH5BK3-B088XU-3JT560-5N4C6V"
"Uduzevud Davemo", "000014-0MYCQM-R2HKW0-WEV7PD-AHW6XA-VC35NB-BN5BK3-B088XU-3JT560-5N4C6V"
"Ofikage Rikizi", "000014-HRGW0T-GNZ3Q7-DX90EC-ZDTK3M-PM6A06-4T5BK3-B088XU-3JT560-5N4C6V"
"Volilor Vovadoz", "000014-80Q6ZY-1682EY-GXM6ZK-X158N7-592RKT-NN5BK3-B088XU-3JT560-5N4C6V"
"Pebigoto Tunorir", "000014-JPUQKA-QPH19B-7Y26EH-HUPKYC-HZUEC3-M95BK3-B088XU-3JT560-5N4C6V"
"Dunagu Aganobi", "000016-84AQAH-YMXAV8-MZ9MZA-TRCD2T-MFC7YQ-UN5BK3-B088XU-3JT560-5N4C6V"
"Zirado Rupedem", "000014-J85Q5Y-4X332R-R9GCW1-JQU6ER-WWDMMD-8D5BK3-B088XU-3JT560-5N4C6V"
"Senepu Letibi", "000017-M03K8N-CYD0GU-AX3KN7-F62QTT-1BQ6Z7-QMUNRU-928NHY-52FRV5-U3P8CU"
"Kalomi Dagume", "000017-YNQNPN-ZUJPP8-M3V9N5-8M1ZAU-0AA38G-P8UNRU-928NHY-52FRV5-U3P8CU"
"Tubodom Zudomuz", "000014-R807G1-NX1CKE-C6Q614-P3NHXR-ZN13GM-08UNRU-928NHY-52FRV5-U3P8CU"
"Ufavub Unisavi", "000017-3MRGZV-3QA0D1-07GTR2-KWY2RV-KTAJR8-YGUNRU-928NHY-52FRV5-U3P8CU"
"Vuvemo Umapodi", "000017-1W6AJ1-BD2NP9-QGHVZT-HH0Z5Z-H8EH4F-J4UNRU-928NHY-52FRV5-U3P8CU"
"Lipubuk Ziradine", "000014-WU0WAD-1YAD7Z-W89WK3-J222ZX-9J9EWX-U0UNRU-928NHY-52FRV5-U3P8CU"
"Lekikin Murodi", "000014-R0X1PA-88YN08-YEEKR9-T251WX-7AYY98-R8UNRU-928NHY-52FRV5-U3P8CU"
"Uladizo Nebubu", "000015-6G03DD-MKV1VR-35RWYY-D73HHZ-VK21C0-UGUNRU-928NHY-52FRV5-U3P8CU"
"Mibadego Bapepuna", "000014-YJZG2C-RNANAJ-0J429Q-HWG7B9-QTXT3H-TGUNRU-928NHY-52FRV5-U3P8CU"
"Kegole Zazesir", "000014-1WBUZY-Q52AF0-45112F-W2JCW9-6XCNYW-Z8UNRU-928NHY-52FRV5-U3P8CU"
"Buputa Bususen", "000016-ZZX819-YVWUAK-YRK8X6-W3R3ZB-4HZ0XW-YCUNRU-928NHY-52FRV5-U3P8CU"
"Ezamup Mikovomu", "000016-GZYM2U-VU8051-HH1MC9-KHE684-G2C9ME-8RUNRU-928NHY-52FRV5-U3P8CU"
"Tugofez Tekuve", "000017-F4M7UG-5YXMD4-G93255-NN9FZX-RQ6N5R-JGUNRU-928NHY-52FRV5-U3P8CU"
"Nogopib Suvuze", "000015-XN05HC-NYFJV0-95MM40-WYD3M9-M7EWCP-40UNRU-928NHY-52FRV5-U3P8CU"
"Otobap Pinilupi", "000014-AMR1U1-D2X5UJ-P81T1N-5Z9WG7-G750R5-00UNRU-928NHY-52FRV5-U3P8CU"
"Begabil Giziti", "000016-ZN0ZUU-FBN55E-GBKYFP-KKWP1Y-0W5T4G-C8UNRU-928NHY-52FRV5-U3P8CU"
"Dozifu Lodinut", "000017-PK2EF0-RTYWBB-14Z5EF-RYZHWM-CA724D-ECUNRU-928NHY-52FRV5-U3P8CU"
"Azegusal Anidiva", "000016-KC7C5Y-J7FB9Y-EHWF0J-KGJC0Y-1QF3M5-7U6XZW-7F529R-3F6821-H1UZTZ"
"Rekodati Tolibepe", "000016-NQXUK7-X3CCY6-XE97AZ-G1CD6V-1P8YEN-YJ6XZW-7F529R-3F6821-H1UZTZ"
"Manudom Suribena", "000015-YR1JWY-C772W0-R3U9MH-8BB95Q-GXFPU5-NP6XZW-7F529R-3F6821-H1UZTZ"
"Selube Metimaf", "000014-YJFMYU-2YWGZW-GJ6V09-H34B8D-JEFAQX-7U6XZW-7F529R-3F6821-H1UZTZ"
"Posabote Mokapug", "000014-UKXX1Q-VP731G-X5Q18M-1XTYXP-E5ZKBE-9U6XZW-7F529R-3F6821-H1UZTZ"
"Digonez Oselet", "000017-R92QNU-P104QC-ZZ9YE9-68KJAV-5PJ3V3-0U6XZW-7F529R-3F6821-H1UZTZ"
"Nelovu Tanoke", "000015-Q3PC26-RETY1F-Y17J2Q-ECPCY4-46CWFV-1J6XZW-7F529R-3F6821-H1UZTZ"
"Efuvepug Zopupapa", "000015-H902DW-UCF8JQ-7M0577-CKXJVQ-JMCM7T-EP6XZW-7F529R-3F6821-H1UZTZ"
"Gugorade Nuzeval", "000017-H4GBGW-5X3A6Y-EU7AC0-NCUXT0-D37A0H-AU6XZW-7F529R-3F6821-H1UZTZ"
"Upudofem Vuvorif", "000014-U4YXBZ-N335GW-F2RYHY-EGK0HC-FRMP9G-AY6XZW-7F529R-3F6821-H1UZTZ"
"Udibir Doruvo", "000017-0TQME8-T62GAU-NC4DGC-UZJ6VD-V8QVNX-166XZW-7F529R-3F6821-H1UZTZ"
"Letuku Bidanudu", "000016-8WCBR4-8ZCCCN-ZCBVGW-2AFH5B-GEWP06-966XZW-7F529R-3F6821-H1UZTZ"
"Vogovu Mizato", "000015-N7WG7C-N9HY7B-P65U2A-T91K14-0UTHGV-J66XZW-7F529R-3F6821-H1UZTZ"
"Ofopipa Bufazal", "000017-AY464Y-N474RZ-UEW1VV-70465H-6VBHB2-XY6XZW-7F529R-3F6821-H1UZTZ"
"Merekufe Pofisut", "000014-CJDCPH-755G5A-85AE3G-BB4AWU-6DWFZD-3A6XZW-7F529R-3F6821-H1UZTZ"
"Pinisur Tofenuz", "000014-9TA8MQ-ZCHFMA-YGQT9D-6X2JX0-DH98X6-A66XZW-7F529R-3F6821-H1UZTZ"
"Elimetu Gutebo", "000016-XC7JW2-4V0Q8F-Z8G8D7-152ZVM-E2MQ3V-J26XZW-7F529R-3F6821-H1UZTZ"
"Voboko Asitaso", "000014-UA7HAG-5J6WCF-XHDXNJ-9YZWME-ZUHZRH-8B4ZFU-QXBZBR-AK6H6T-1DU13P"
"Ukazeki Ukativif", "000014-7JCABY-Z0UH5C-4HMZBT-WTNT3C-Y0ZBK7-MK4ZFU-QXBZBR-AK6H6T-1DU13P"
"Tofezi Zutavuki", "000014-3NVQV7-3X0E89-D5XP1H-AJGUJW-U08D45-FK4ZFU-QXBZBR-AK6H6T-1DU13P"
"Kubope Urubevod", "000014-GZRWRT-R4HRXH-F7Y778-ZPXXEX-8GK3X3-YK4ZFU-QXBZBR-AK6H6T-1DU13P"
"Lisesos Bolifob", "000017-08RKUT-CCNU8R-D5KYVU-AHZX17-JY4X1C-674ZFU-QXBZBR-AK6H6T-1DU13P"
"Ekagen Kemomu", "000016-6E6BQ1-02DP25-TAKA0B-Q5E02K-ZE3Q0D-6Z4ZFU-QXBZBR-AK6H6T-1DU13P"
"Nubezovu Govedave", "000014-KGT81V-JFXNJ8-F0RR81-NC3HA9-A8U2F3-KV4ZFU-QXBZBR-AK6H6T-1DU13P"
"Nusukif Didenob", "000014-JHERV3-Y2G4FE-WQABFH-K45NQV-V0TF2D-9K4ZFU-QXBZBR-AK6H6T-1DU13P"
"Zekafig Laboteko", "000015-Z9CDWE-6G2Y5A-ARUFJP-355TWY-PE0AY9-BQ4ZFU-QXBZBR-AK6H6T-1DU13P"
"Mimefal Ruselak", "000015-WA5XNW-VWA66G-KBFNCW-UKM5MG-3M456X-8Z4ZFU-QXBZBR-AK6H6T-1DU13P"
"Afidalob Emepote", "000017-F27X2H-04J75B-6YQ0RG-WUZW07-9UD1EX-C74ZFU-QXBZBR-AK6H6T-1DU13P"
"Sutotan Bevatu", "000016-88UYVF-MJC32E-A4MCKF-CUPY42-HY5EY9-KB4ZFU-QXBZBR-AK6H6T-1DU13P"
"Zagedafu Ubofaket", "000014-8XG75N-XEH139-8AAJG0-A584BP-ZW26CA-A34ZFU-QXBZBR-AK6H6T-1DU13P"
"Rekemeb Buvenu", "000015-U01PR7-69PMV1-D1YG8D-VE671K-85RW0C-4Q4ZFU-QXBZBR-AK6H6T-1DU13P"
"Delanal Lukeli", "000016-TU1TP0-CFP537-0N1FPB-ZW6XQB-0427UA-JQ4ZFU-QXBZBR-AK6H6T-1DU13P"
"Subavanu Beletuge", "000017-67D26F-H0WJPY-B8J3D3-WEX6G4-ANY2JH-EF4ZFU-QXBZBR-AK6H6T-1DU13P"
"Votunubu Onolofov", "000014-CGYTRV-VWYHMY-0ARYPD-HZ9ZG7-Q7W6C5-JF4ZFU-QXBZBR-AK6H6T-1DU13P"
"Ezonorep Vulupato", "000015-RZ3P9N-ZCEUZT-WCKM8V-V08U7C-XTJ7F3-JUHX5C-D87WEJ-7ZK4HW-V0PU7E"
"Bumeme Neputi", "000015-05EH31-39XW63-ZAWA6U-8TTXDN-ET0WN9-JAHX5C-D87WEJ-7ZK4HW-V0PU7E"
"Vuleka Putumego", "000016-PGZKVD-7RU1KD-J62MD3-T3A35T-42X68Q-KJHX5C-D87WEJ-7ZK4HW-V0PU7E"
"Pufatod Famagig", "000017-U4YM8R-NYUHY2-YMP933-610CD0-CU1FX3-1PHX5C-D87WEJ-7ZK4HW-V0PU7E"
"Aduzil Zenanal", "000016-K3X937-2VXP7G-KQUG00-C0GY3D-E360RY-02HX5C-D87WEJ-7ZK4HW-V0PU7E"
"Usavomik Filela", "000017-1A6DCR-4325PR-ZAWHRD-RQRKJM-3XCVGJ-UEHX5C-D87WEJ-7ZK4HW-V0PU7E"
"Tabamo Tavasa", "000014-4XNYP2-U3BJG3-62QXJ5-K2CRQW-H52ZZJ-1YHX5C-D87WEJ-7ZK4HW-V0PU7E"
"Mofegaki Nizasapu", "000016-GDA2FA-7QT549-8JHR4P-RPEYKR-APG1AH-NJHX5C-D87WEJ-7ZK4HW-V0PU7E"
"Dadirada Puzepome", "000017-2CEH4Y-18GGYV-D4683Q-PZE7VY-89MYGN-6JHX5C-D87WEJ-7ZK4HW-V0PU7E"
"Lusufira Funolok", "000015-ZJW99T-1D2PP3-Y504UC-067NDG-ZWQ2ZV-R6HX5C-D87WEJ-7ZK4HW-V0PU7E"
"Kolilura Arizepir", "000015-ZHGMTF-UPBQUX-M1GV8T-RZ08W2-YXT1RK-9JHX5C-D87WEJ-7ZK4HW-V0PU7E"
"Pesuzu Ebekis", "000015-QY6B61-N6YU4P-CU4YCM-22WDRR-D2FQJ0-PPHX5C-D87WEJ-7ZK4HW-V0PU7E"
"Tekuzok Vulegud", "000016-ZFMF5J-M4CVEX-ZCW611-EGPGCN-4F3FY0-BUHX5C-D87WEJ-7ZK4HW-V0PU7E"
"Pimadel Tapided", "000015-35N7ZX-WKEDFT-JFCYBW-BF797Z-XHKJ3Q-X2HX5C-D87WEJ-7ZK4HW-V0PU7E"
"Mutoba Mevozipe", "000015-1TEB6B-9GYPQG-7CCTCZ-BFDW4P-CZ5YKH-BEHX5C-D87WEJ-7ZK4HW-V0PU7E"
"Gonomu Vamobini", "000015-PFX78R-Y6YEV8-769PMR-ZQWA63-MAUUAY-92HX5C-D87WEJ-7ZK4HW-V0PU7E"
"Tufoviso Buvufiv", "000017-VV00QE-DPVKY9-EXGB87-6YXRTW-TAD19A-36HX5C-D87WEJ-7ZK4HW-V0PU7E"
"Rinepemo Fekisub", "000016-JT7R8H-H4J926-697K2T-NHNC4F-7E4GGN-Y1MZDX-NEW1RJ-M5JMEP-1X4PJV"
"Enitoni Gumifu", "000014-JJP7W5-TPQHMP-GRDM7J-H1FMFC-35KU2M-21MZDX-NEW1RJ-M5JMEP-1X4PJV"
"Ovugadip Pikari", "000015-1MXNAM-9N4248-6R3PTD-JFVPAA-6AC62K-BNMZDX-NEW1RJ-M5JMEP-1X4PJV"
"Tedenuk Anugiga", "000017-7WWFUA-QEZZ15-A5JB8A-JD0TQ7-ZZ9J21-C1MZDX-NEW1RJ-M5JMEP-1X4PJV"
"Oravuva Tivitane", "000014-U0FE2K-BMURTA-17EWXK-38F0KW-9GC3VG-G1MZDX-NEW1RJ-M5JMEP-1X4PJV"
"Vozelop Gorovab", "000016-H3D10A-8XRHKP-03YAFY-ZFQDJ9-XYYU0D-RHMZDX-NEW1RJ-M5JMEP-1X4PJV"
"Dubomop Asalede", "000017-HRKYWB-8V9NF8-BFY8KP-7V7ZDP-RCUQ1M-1DMZDX-NEW1RJ-M5JMEP-1X4PJV"
"Nemadim Gavubo", "000014-R70KM3-XHAGBP-7MVAT4-V0FC36-0JUHM4-2XMZDX-NEW1RJ-M5JMEP-1X4PJV"
"Tisasif Nubazim", "000016-6MEB4C-D1T57U-8X8BFH-4HE8QK-EZB8P8-A5MZDX-NEW1RJ-M5JMEP-1X4PJV"
"Pudofof Zozunuz", "000016-CFGZJH-JRTQ4Y-AB1XGX-GK0YKX-859JEH-UNMZDX-NEW1RJ-M5JMEP-1X4PJV"
"Buradik Agusil", "000015-GNV4P5-AXANZM-UK3JA4-TBG3HM-ZV96Y7-PTMZDX-NEW1RJ-M5JMEP-1X4PJV"
"Azumin Bazabu", "000014-DA92YY-K7FBXQ-P7MVC9-8FX64V-Z5NU79-KTMZDX-NEW1RJ-M5JMEP-1X4PJV"
"Gafalor Novufel", "000016-8JN66A-P7P94T-K6QDRJ-5U21JC-2HPA8P-CDMZDX-NEW1RJ-M5JMEP-1X4PJV"
"Ufuvura Nudapin", "000017-UR8C8J-G02DGQ-F0XGGW-3WEUCR-7RQ3YT-HHMZDX-NEW1RJ-M5JMEP-1X4PJV"
"Batatu Rulutip", "000017-H940B3-9H9WH8-H5ME05-DB3E97-HHWWWR-Q9MZDX-NEW1RJ-M5JMEP-1X4PJV"
"Vamasida Ebaduvot", "000017-YQX0AK-9DPZMN-MVHYPA-BEX95X-VNFCX1-MXMZDX-NEW1RJ-M5JMEP-1X4PJV"
"Afafok Kisatip", "000014-00D76B-7YK51N-5GV8WY-YJMQZR-DH3UX6-ZXMZDX-NEW1RJ-M5JMEP-1X4PJV"
"Falapog Omobetug", "000014-3KTAX8-5EME7T-3AWYZ1-V6TK9H-0AGN2R-71869H-AHMN51-FAWQE9-P6CDYZ"
"Gitorot Rozezi", "000015-MKJARZ-P9R8A3-25CZ18-HXDRWE-DDNW7D-N5869H-AHMN51-FAWQE9-P6CDYZ"
"Duvazada Puruzo", "000015-DU0VZD-VP7D94-101E8F-FAYA1E-J53PRZ-CX869H-AHMN51-FAWQE9-P6CDYZ"
"Bapizeso Adadamu", "000017-719Q9A-9PN22Q-CGCX53-QH00R9-P90PUG-UN869H-AHMN51-FAWQE9-P6CDYZ"
"Vobumig Vodinumi", "000016-7KK7GF-Y8HCRE-G358Y2-WY9TWY-VH4QW0-55869H-AHMN51-FAWQE9-P6CDYZ"
"Mafutifu Negikama", "000014-H3T4R7-U7ERP0-C7RT5X-RWK4QG-ZD4QTJ-BD869H-AHMN51-FAWQE9-P6CDYZ"
"Sazubate Sekako", "000017-HPKC0J-22CQXE-YFTE9U-GKKPQU-QH026K-X1869H-AHMN51-FAWQE9-P6CDYZ"
"Elasezeg Uvinute", "000014-EHDXMF-4ZD5FJ-XZ1UZQ-8HF188-RY6K7U-KD869H-AHMN51-FAWQE9-P6CDYZ"
"Kotalo Ovamale", "000015-VWWTTB-4AH28A-UG9UMC-A4CNJU-77VG0P-PD869H-AHMN51-FAWQE9-P6CDYZ"
"Nitomul Ridoro", "000016-UFQMXH-FYVMN3-V9BC3P-P8RUZ8-F76YTK-NN869H-AHMN51-FAWQE9-P6CDYZ"
"Ogunun Merugupu", "000016-FNYDZW-PXDJWU-UQ998T-ZVP336-QYEVVA-7H869H-AHMN51-FAWQE9-P6CDYZ"
"Petuseru Opulip", "000014-JZX6QU-Y5W811-E7560F-N2FT7M-UG2T3F-YT869H-AHMN51-FAWQE9-P6CDYZ"
"Pidumi Ozadob", "000015-T0677G-JJK1VY-WKJVXW-1Y72HM-GX91Y0-Z1869H-AHMN51-FAWQE9-P6CDYZ"
"Utinera Magopipa", "000016-JQCC4Y-NU13WY-V6CZPF-4H2G67-WZVU3T-7X869H-AHMN51-FAWQE9-P6CDYZ"
"Mupobigo Gebeni", "000017-9PTHCF-QYN5BU-980JA2-G1GZH5-35TQY4-P9869H-AHMN51-FAWQE9-P6CDYZ"
"Vipikovu Demepi", "000016-FP3P5A-VJ2R3H-D58R8B-9RCRBX-4M0XPC-JH869H-AHMN51-FAWQE9-P6CDYZ"
"Bumebone Mumadame", "000016-CNWDKZ-NYCZAY-Y6G75M-08VHHU-CT1QFF-V9869H-AHMN51-FAWQE9-P6CDYZ"
"Tulezito Tanizubo", "000015-C6DTGW-R6F4TG-BC7YJU-699GUH-2UZEFP-6PWF3U-MJTAAT-4M4DFA-KVGJH4"
"Zabomo Vezori", "000014-99T8JW-F547B1-0Y4VR4-T6NQ3F-MURU49-E2WF3U-MJTAAT-4M4DFA-KVGJH4"
"Pareke Nimogu", "000015-B5U7U3-H0U668-PRPCNF-6XH9MX-HJ55CG-92WF3U-MJTAAT-4M4DFA-KVGJH4"
"Dikodur Fofavi", "000015-7R0NCY-8NEQ70-CC4UX9-7WJGPQ-EQVQU6-42WF3U-MJTAAT-4M4DFA-KVGJH4"
"Avupugon Dakogegi", "000015-6Z0Y5C-MEHFX9-3YPR35-BEMEK3-8G76ZW-32WF3U-MJTAAT-4M4DFA-KVGJH4"
"Utevive Gikese", "000016-1XD9EN-D4HDD5-UTCFT6-3FX4Y6-537FGN-KUWF3U-MJTAAT-4M4DFA-KVGJH4"
"Upegozu Ufugosut", "000017-HKXNMU-6UYE70-65TGCN-5N69VE-TD3M83-G6WF3U-MJTAAT-4M4DFA-KVGJH4"
"Vububi Vunuvim", "000015-BGQBGQ-ZYANQA-K51QDM-H59Y8F-4TRUE8-GUWF3U-MJTAAT-4M4DFA-KVGJH4"
"Linabev Firobu", "000017-V1KBKT-Q010N1-4KK5WM-JB7YCU-XW4DBN-PPWF3U-MJTAAT-4M4DFA-KVGJH4"
"Lebufuna Vususon", "000015-EHJMN5-9D8XH8-FAZPTX-X9PE9B-4MZPE0-FPWF3U-MJTAAT-4M4DFA-KVGJH4"
"Lirilago Esizore", "000017-9XDUH0-ZDNMYU-GC3W2H-56ENRF-Y1TZYW-WEWF3U-MJTAAT-4M4DFA-KVGJH4"
"Moluzume Bukino", "000015-FPFDHA-R9HWEH-YUNYGT-WNJX8J-BWMHZZ-ZYWF3U-MJTAAT-4M4DFA-KVGJH4"
"Vozarip Kumelu", "000017-HBCXZE-9EXBYR-737711-B6TEQ1-P7J0X1-A6WF3U-MJTAAT-4M4DFA-KVGJH4"
"Forope Esogolug", "000017-6RBFKJ-X52QM6-JMQ9KJ-EQVFGQ-AEFD1B-9YWF3U-MJTAAT-4M4DFA-KVGJH4"
"Nufetipo Anurad", "000014-N5VU5P-F976PU-V2349T-DXZUMU-8Y38KG-C2WF3U-MJTAAT-4M4DFA-KVGJH4"
"Uremeb Rilodob", "000016-T5YY0K-T5ZFBD-4XT6Z0-EJG0JV-T98BP5-DEWF3U-MJTAAT-4M4DFA-KVGJH4"
"Ugumof Ebopuzik", "000016-0VN380-JYVVUK-XYQU2C-2DBBBY-CZR9HQ-4EWF3U-MJTAAT-4M4DFA-KVGJH4"
"Pibodi Ozigota", "000015-727W5U-NB3CJ0-MANRP4-223CF3-R34GQG-31JMBK-AKDQZH-ZTBAV3-VN3ZX7"
"Lutigu Sasozeb", "000014-X8TGDW-DH618M-3H3FPE-2X98UB-TPXG91-PXJMBK-AKDQZH-ZTBAV3-VN3ZX7"
"Toriluka Sopagu", "000016-B4U68R-8ZR17P-71H55W-5T3ZC1-K9R54J-0XJMBK-AKDQZH-ZTBAV3-VN3ZX7"
"Rabutag Tibemuvi", "000014-HU73JW-Z028QJ-YPFXFT-UQRMYC-9091QY-AHJMBK-AKDQZH-ZTBAV3-VN3ZX7"
"Onagok Vitogut", "000014-XZ18QY-BMFH5R-5WYNKE-XAPU8P-JRBD1N-RNJMBK-AKDQZH-ZTBAV3-VN3ZX7"
"Ofibimop Pimates", "000014-0H2H3D-C17X02-CU9XGB-FY15CE-DE1TD3-Y5JMBK-AKDQZH-ZTBAV3-VN3ZX7"
"Vovopad Mamabob", "000015-N3TYCU-1EVR0U-YG2VX7-36E9Z8-61ANY4-NXJMBK-AKDQZH-ZTBAV3-VN3ZX7"
"Uvusifek Mudezi", "000017-Y90R7X-937RX8-F8BK2K-2NDV8H-KNKNBC-DDJMBK-AKDQZH-ZTBAV3-VN3ZX7"
"Zibevu Dokusaf", "000014-C0G844-1143MK-D3QWXV-TCZ2P9-GXP7YW-VHJMBK-AKDQZH-ZTBAV3-VN3ZX7"
"Zebepezi Ufafumu", "000015-7G46TV-UNBF83-MGBCM4-EYXKW6-N5XFYJ-RXJMBK-AKDQZH-ZTBAV3-VN3ZX7"
"Suvive Onuvusez", "000016-4VMDK5-BTM8WG-AB4CGG-6WDHMJ-RJTD99-NTJMBK-AKDQZH-ZTBAV3-VN3ZX7"
"Manukuv Moteti", "000014-1VZUW1-P0EUZY-NNCECQ-W23TW0-PPGXJX-FHJMBK-AKDQZH-ZTBAV3-VN3ZX7"
"Misilazi Zasuruso", "000015-EA0EH1-ZTCMQG-JVHCMB-JVQXZ4-36QZDE-4NJMBK-AKDQZH-ZTBAV3-VN3ZX7"
"Bomukeli Nenukod", "000017-0NQ31M-9GT59G-RUGA2Z-F29TJY-J2W21G-1XJMBK-AKDQZH-ZTBAV3-VN3ZX7"
"Fidubu Babizige", "000016-U805B0-B7DKYC-1Q5P30-FGH3ZW-H8ME3K-3XJMBK-AKDQZH-ZTBAV3-VN3ZX7"
"Mupulad Asemed", "000015-NBYNF8-GE87A5-CA9Y3M-6T0N79-315128-FNJMBK-AKDQZH-ZTBAV3-VN3ZX7"
"Avapavot Okumifu", "000014-FBD9T3-VJ2YB6-5B12YR-5QAMXK-KYVQZP-ZXJMBK-AKDQZH-ZTBAV3-VN3ZX7"
"Agadab Umudugu", "000016-5CT90X-Y74E4V-DP5BNR-KVBNZJ-8G8VKA-ZKFBAN-42X6DT-26PFGJ-T5KK7N"
"Dupariba Letovol", "000015-HFQYTV-KJ1WVG-MMUTT8-GPDN6J-AUAHQF-NQFBAN-42X6DT-26PFGJ-T5KK7N"
"Uzulize Tapimi", "000017-U5VN66-CUTA9H-R202AX-BCWAM2-ZN8J3Q-AQFBAN-42X6DT-26PFGJ-T5KK7N"
"Sidetin Roruse", "000016-K31CTH-XGRPHZ-Y4T2KF-C38T1R-AFDUCZ-QFFBAN-42X6DT-26PFGJ-T5KK7N"
"Vegekozi Fovuri", "000017-8414FT-BD9544-FJG5Y8-K9FHU3-HGTKCZ-2ZFBAN-42X6DT-26PFGJ-T5KK7N"
"Rozezudo Etomeku", "000014-UVTF26-PYGYHM-5JT6M6-ENBEV2-7TQRHA-YQFBAN-42X6DT-26PFGJ-T5KK7N"
"Zeriva Zovofemo", "000016-XKC6T3-0PZ75F-9F6NT9-M2DZ1G-T7R84E-U3FBAN-42X6DT-26PFGJ-T5KK7N"
"Muzaravi Tovuku", "000014-YGK8J4-Q84CUG-GUUZ5H-X51V35-GTX471-KZFBAN-42X6DT-26PFGJ-T5KK7N"
"Ekafone Nubetero", "000017-GNP3EY-G49UK0-JBKGKU-A1Z6VU-8K9YK4-CKFBAN-42X6DT-26PFGJ-T5KK7N"
"Rululu Tomigeb", "000014-MB68HZ-E9JNGV-4XKVF0-ZV2U10-BMZP58-1VFBAN-42X6DT-26PFGJ-T5KK7N"
"Rupubeb Gosuvu", "000015-FDQWJY-BTP5QQ-DW9MBK-VMMZD6-GWNW57-73FBAN-42X6DT-26PFGJ-T5KK7N"
"Tipege Lezobab", "000014-Y4N5A1-HF204G-M1RCF2-EEM80G-7WXKXQ-1FFBAN-42X6DT-26PFGJ-T5KK7N"
"Fobade Remegoto", "000014-G2WWEQ-QWX430-XMWZA9-CNKY84-PB6UHZ-T7FBAN-42X6DT-26PFGJ-T5KK7N"
"Fegalu Botido", "000015-B5QX95-96DNUE-HXKCJD-WCDAA5-FNRRFY-5BFBAN-42X6DT-26PFGJ-T5KK7N"
"Ezokavo Visofis", "000016-7CJD0K-VUVJ4D-1B531B-R4R2ZB-CY8ZPX-8VFBAN-42X6DT-26PFGJ-T5KK7N"
"Zataso Akizomu", "000017-9ZD6K0-D7RN27-TV6E3V-P757F8-ZHUCU6-EQFBAN-42X6DT-26PFGJ-T5KK7N"
"Dogilin Setude", "000017-T1KA4P-41BWTT-HGDYK4-7RXPMB-7KVNZQ-EKFBAN-42X6DT-26PFGJ-T5KK7N"
"Kazurel Aritos", "000017-R6GFDF-DP9A2B-CK1P48-J3HADK-MB07M5-712GX0-981XXR-FRB7DP-XZAJUQ"
"Galezov Dugegup", "000016-KP2BNZ-M74CJY-4AEK4F-3AKGW9-XKT3HX-0N2GX0-981XXR-FRB7DP-XZAJUQ"
"Vepona Sezotip", "000016-6D0WWB-1Y9QD4-X8JDX5-HMAYZT-V8REVW-RD2GX0-981XXR-FRB7DP-XZAJUQ"
"Okebuk Ufabitun", "000016-5P00DP-2XCXM3-NE3AR4-AHTH9C-341B1K-212GX0-981XXR-FRB7DP-XZAJUQ"
"Lulavog Oseruto", "000017-K1UB7T-MZNDJ6-T0D4MH-ZJ96V9-T29EQV-PD2GX0-981XXR-FRB7DP-XZAJUQ"
"Uzomivif Popuzogi", "000014-R4NMF0-JC3V7Q-JBW36D-8YGRPF-PUWZ15-P92GX0-981XXR-FRB7DP-XZAJUQ"
"Gemolef Leduzati", "000015-58GVNM-8C06ZU-5V46ZJ-AAXQY5-RBPJ3Q-WN2GX0-981XXR-FRB7DP-XZAJUQ"
"Rifaned Kamulol", "000017-WZTRGJ-TJ4KWH-7EQ9P7-MAR354-WYYA33-M92GX0-981XXR-FRB7DP-XZAJUQ"
"Govuze Tukusama", "000014-DC2QE3-55Z36Y-827W4K-8WJTVN-1KR6NB-8X2GX0-981XXR-FRB7DP-XZAJUQ"
"Upigab Oledovos", "000016-Z9RMUR-YHFB0E-K4PF4F-8N1FAX-GV75RT-0N2GX0-981XXR-FRB7DP-XZAJUQ"
"Ulonado Tokusune", "000015-81BDTP-2QCZ0A-PCD12Y-DP323C-74F9DF-MX2GX0-981XXR-FRB7DP-XZAJUQ"
"Zifegugo Nukite", "000017-5UQ6EC-4ZHMAD-8H3Y65-ENKGG9-5Y40TK-MX2GX0-981XXR-FRB7DP-XZAJUQ"
"Ebafilu Emisafis", "000015-GFBAP9-H16RZC-WE0697-EJ56TX-UZMGCP-D92GX0-981XXR-FRB7DP-XZAJUQ"
"Zesunot Dupobogo", "000016-N88RCF-CZ2DXH-0492JQ-D7P2B3-94MMEK-HH2GX0-981XXR-FRB7DP-XZAJUQ"
"Dodeso Ovaniru", "000014-NT7QFA-B0B3MR-6HTR2V-2Z8WPF-B58ZU4-6D2GX0-981XXR-FRB7DP-XZAJUQ"
"Gileraka Ebupebug", "000017-F5NG7Z-T80K9W-Z8ZTK4-F7DHP7-KZBM7E-MH2GX0-981XXR-FRB7DP-XZAJUQ"
"Votepe Mogabimo", "000017-W14V8T-V82D6F-AM87TV-AB89N8-FX0PJ1-ZD2GX0-981XXR-FRB7DP-XZAJUQ"
"Zofobovi Ugovil", "000015-P4VPQC-9XHY6V-WJ4G3J-5AUPMA-YPQHQN-3274YY-8GTU6F-5D5XJ6-MTRBQZ"
"Obopela Zupora", "000015-8QB0F1-DQUGG6-21NPR1-KAHG8E-UPU2KV-Z274YY-8GTU6F-5D5XJ6-MTRBQZ"
"Volofa Musebiri", "000017-ZE5D6W-3MFNNN-7PVB2H-9C8TX0-V3F130-YP74YY-8GTU6F-5D5XJ6-MTRBQZ"
"Eligifod Pinopeke", "000017-C7RUYV-3JV84D-YMXRYU-DH4GNQ-8EE0BP-K274YY-8GTU6F-5D5XJ6-MTRBQZ"
"Ezepunu Dinerapo", "000016-XHHP06-HH5ZCW-FQACZW-VCP06B-JB6QX9-EY74YY-8GTU6F-5D5XJ6-MTRBQZ"
"Ludofil Mitirer", "000017-F9TYBC-HUP73C-07UBNN-4KDNQY-E3UFAJ-9J74YY-8GTU6F-5D5XJ6-MTRBQZ"
"Evamupuv Kakidipe", "000017-WZ4EH0-2TEZYU-T0VRXH-1DK3U1-R4V86G-Y674YY-8GTU6F-5D5XJ6-MTRBQZ"
"Apimaniz Vodageg", "000017-B5HXWX-K7GR3H-95J4T4-2E81JX-75M5ZF-VU74YY-8GTU6F-5D5XJ6-MTRBQZ"
"Egukena Noralobu", "000017-DTMVBM-QXX4X8-BZGWPH-01P2T8-R7T2CM-ZU74YY-8GTU6F-5D5XJ6-MTRBQZ"
"Bukuta Zagazez", "000017-8Z1MDG-G037VN-1H6ATM-TJRBER-53D1A6-QA74YY-8GTU6F-5D5XJ6-MTRBQZ"
"Deseku Udulam", "000015-BR83CD-81V4BK-9BPYH2-TB11QK-918WYZ-MU74YY-8GTU6F-5D5XJ6-MTRBQZ"
"Enutona Disazosi", "000015-XB46Y8-5EAHAZ-N8RBWU-PV42NB-E6JD0Q-5274YY-8GTU6F-5D5XJ6-MTRBQZ"
"Mezati Sanuda", "000015-5418DB-FDEN1P-05643D-835ZFK-2CM53T-4274YY-8GTU6F-5D5XJ6-MTRBQZ"
"Besesu Pofafe", "000014-NCWXYE-B8K8UX-X96HY6-3DGJG7-ECRUMH-AA74YY-8GTU6F-5D5XJ6-MTRBQZ"
"Fikomag Zebuko", "000015-575HH8-TTJ08H-Y38CWQ-RZW11Y-YYJEGF-BJ74YY-8GTU6F-5D5XJ6-MTRBQZ"
"Mugaro Rukedes", "000016-96M0EV-ZTN3XG-A3AC0M-Q1AGEG-J8URR6-GA74YY-8GTU6F-5D5XJ6-MTRBQZ"
"Vefoso Duvupeg", "000014-5HJX46-2TZF22-HNJD1W-KZ13P8-R8XTUR-0E74YY-8GTU6F-5D5XJ6-MTRBQZ"
"Adenupun Sisuden", "000017-XFP5NB-D3E09J-96N2K8-U3EV54-0ZF1AG-7B1RGU-EH3HXA-UURWZD-HEM3Z5"
"Puzogi Egobasab", "000016-GWG6E3-FNG06J-JQZA93-4QTKBR-9BVXK7-0F1RGU-EH3HXA-UURWZD-HEM3Z5"
"Orakupot Soludo", "000014-Q85N9K-4GVH46-EPDHZU-MXM884-BJWMGQ-2K1RGU-EH3HXA-UURWZD-HEM3Z5"
"Limezu Kagude", "000014-P375D8-9DDYEU-P9Q5N1-GCBGVD-02T51G-JV1RGU-EH3HXA-UURWZD-HEM3Z5"
"Vivetebi Kerate", "000015-U1U5W8-2KTAVD-3ETR40-CUNDY0-FNZUX2-VK1RGU-EH3HXA-UURWZD-HEM3Z5"
"Negeviri Tidugo", "000016-47H6YT-3C0DDZ-D5VU69-NM6NGT-0F6M8D-4V1RGU-EH3HXA-UURWZD-HEM3Z5"
"Rirunek Nubuputo", "000017-H1NZ2C-YF02NB-02Q9VJ-CXNYNE-FGHE07-9V1RGU-EH3HXA-UURWZD-HEM3Z5"
"Sudoni Notazem", "000017-0T8N1G-KYT6T3-HFZQRB-KZA6P6-JMZM7F-YK1RGU-EH3HXA-UURWZD-HEM3Z5"
"Zirobe Sirimu", "000016-X1WQ6F-BQR7G6-35MAC2-7H9RCE-X29886-Q71RGU-EH3HXA-UURWZD-HEM3Z5"
"Sadoku Kagekem", "000017-BQMEWV-82ENNT-FPX0E4-6ZHHFN-N39GVH-PQ1RGU-EH3HXA-UURWZD-HEM3Z5"
"Alotele Kirene", "000016-T62Q98-57C3EE-N5P11F-WCBDM3-02EAJB-4F1RGU-EH3HXA-UURWZD-HEM3Z5"
"Agunep Besugo", "000017-XBF02C-PD7W1Y-Z7CUZK-WY6ZYD-PDXHMY-B71RGU-EH3HXA-UURWZD-HEM3Z5"
"Rupivari Bivinan", "000016-RUVTPF-U78CBA-282KAZ-XBUNGY-7PEZ84-AV1RGU-EH3HXA-UURWZD-HEM3Z5"
"Femopu Eninet", "000014-H10QXD-43KQGX-9H9G8M-YDQJD5-G7NP42-HB1RGU-EH3HXA-UURWZD-HEM3Z5"
"Zozaze Mepezud", "000015-NK803A-79V4TB-54K3QK-DBZGG8-2ZEYHJ-831RGU-EH3HXA-UURWZD-HEM3Z5"
"Fotefam Nobefus", "000017-MQE3RU-RNRVZ4-DHFM4M-WRWGKW-GJWBPH-3K1RGU-EH3HXA-UURWZD-HEM3Z5"
"Munebone Batezub", "000016-N7VVUM-18J919-490Q02-2KFBN2-49XT7U-WB1RGU-EH3HXA-UURWZD-HEM3Z5"
"Bufusagi Sikizu", "000015-84D0MK-UP5CCF-DHG142-E8CWZP-9KUTHR-AN8CUG-T5WEY0-G46DYY-YMP687"
"Lugamik Tafoladu", "000016-WRQTFM-NAA7A6-Z8439T-6F79ME-M8A8B2-WD8CUG-T5WEY0-G46DYY-YMP687"
"Mivufosa Bopidogu", "000014-DE6BJR-D5N7VR-UFPCF7-G82KTH-AMNQV6-GH8CUG-T5WEY0-G46DYY-YMP687"
"Bidokim Bemelo", "000016-C3WK3P-90YZT9-RJMNNE-QDM7T8-QJRRG3-718CUG-T5WEY0-G46DYY-YMP687"
"Ugonilas Podamu", "000015-4UTMU7-V4GU2R-3JN17G-UR6P5H-WEW6YN-3T8CUG-T5WEY0-G46DYY-YMP687"
"Fezidi Puvamo", "000017-BXEUEF-DXW2X3-5D2E6Y-7YVTMU-9ERQV0-QH8CUG-T5WEY0-G46DYY-YMP687"
"Ufukud Kideva", "000015-V423JG-AJTAGM-A9DFR2-79ZJWU-AW7BQV-N98CUG-T5WEY0-G46DYY-YMP687"
"Vuzara Pedopup", "000017-K0NRH4-T01HCR-HMDD8J-8Z61C5-6X5A2U-EN8CUG-T5WEY0-G46DYY-YMP687"
"Vibigu Nadeduku", "000017-XURGET-CVJPM2-8KZ9GJ-A0RNN0-PANPME-K98CUG-T5WEY0-G46DYY-YMP687"
"Omerila Nonele", "000015-PDU1AQ-X59D5Q-8NE8AF-7BU9RG-XED78A-B98CUG-T5WEY0-G46DYY-YMP687"
"Digupolo Zururav", "000017-ZHY2D7-RJR0ME-UKQV2Q-0GZV67-1EKMEG-H18CUG-T5WEY0-G46DYY-YMP687"
"Vimeko Nolesuvo", "000014-NBTT7M-UGQ37H-4120PA-XXVGCD-CHHRCV-DT8CUG-T5WEY0-G46DYY-YMP687"
"Unubed Fugilavu", "000014-CGE1G2-3X4CPC-BNB611-88NXN4-68APPV-0N8CUG-T5WEY0-G46DYY-YMP687"
"Vanapado Vovefure", "000014-QJ2XUC-BCYVGM-7Z685J-AUK6KF-G1AE46-218CUG-T5WEY0-G46DYY-YMP687"
"Kizilop Zilopiv", "000017-AG14ZT-U430UV-PDRRXR-5UD9U4-F9WYPH-UT8CUG-T5WEY0-G46DYY-YMP687"
"Vupebam Ofiriven", "000016-QRC89Q-GQK4GM-65BDD8-KU9HDV-4FZQ8E-QX8CUG-T5WEY0-G46DYY-YMP687"
"Gerizuze Ruzefa", "000015-2MDHK2-RAP09G-XP93AR-T1FRYR-YY6BQ0-VVPHFN-K2BE7W-MWCVRT-CFGRR3"
"Zamade Moniru", "000014-PU7VHD-J1Z989-RZGXX8-YQEWTR-0KTWVX-1KPHFN-K2BE7W-MWCVRT-CFGRR3"
"Rupape Disovor", "000015-HE8H7W-8J65W1-20CB6C-GMRZ83-U98MWY-XFPHFN-K2BE7W-MWCVRT-CFGRR3"
"Ritufo Kumavadu", "000016-JG0PGJ-M28UHW-W958JV-N3XD79-ZQPD27-YQPHFN-K2BE7W-MWCVRT-CFGRR3"
"Senemi Nedorafo", "000016-DJN0MM-0M34NZ-QFKTBU-VYBF5B-ER7GG3-UKPHFN-K2BE7W-MWCVRT-CFGRR3"
"Atomit Abikum", "000017-DUA4NA-1HMAG0-2U9592-UHC3C3-BKPRBF-D7PHFN-K2BE7W-MWCVRT-CFGRR3"
"Kupibinu Avizelo", "000014-3X4K8E-24XNVP-9326NX-14R157-P7MW80-JZPHFN-K2BE7W-MWCVRT-CFGRR3"
"Lodatuze Avelab", "000015-W0J8DE-VFP8XV-F3C1M4-5FFDPF-JRBV1X-TQPHFN-K2BE7W-MWCVRT-CFGRR3"
"Enokif Sosuguli", "000016-F23AXY-W1ZVR3-KMJ74P-5B0R8V-J9NGGH-RZPHFN-K2BE7W-MWCVRT-CFGRR3"
"Rareraki Dipupu", "000017-GH80EP-QYWYW6-7GAFX8-VDKV7P-6ABRPG-6QPHFN-K2BE7W-MWCVRT-CFGRR3"
"Tisumap Siseda", "000015-3DQZTU-ZRUZ5E-RG6APZ-NJM0NM-ZGXB71-7FPHFN-K2BE7W-MWCVRT-CFGRR3"
"Guravafe Nefuse", "000015-K0BAU9-M2KGU6-K95146-FX4Y5X-NXG7KV-PBPHFN-K2BE7W-MWCVRT-CFGRR3"
"Kiraba Zumulaz", "000014-V2X945-EG4H20-171ZGQ-VNUBHK-0T3MNU-Z7PHFN-K2BE7W-MWCVRT-CFGRR3"
"Zilozogu Vulisov", "000015-59GDMJ-Z3MGGA-70CG5K-K31TA6-T3HWRZ-PQPHFN-K2BE7W-MWCVRT-CFGRR3"
"Vuvezad Ukufoga", "000014-HP9YK6-Z0FFCB-6X03XQ-9A2V9G-101F4Y-HQPHFN-K2BE7W-MWCVRT-CFGRR3"
"Apadigu Dokudase", "000017-7T6C3Q-WB2RAX-29Y1A8-89B141-81Z96Q-BVPHFN-K2BE7W-MWCVRT-CFGRR3"
"Rukavoto Lezozezi", "000017-TD4F17-J1WMC6-7DW52B-N6QYFW-8M9KU4-FBPHFN-K2BE7W-MWCVRT-CFGRR3"
"Ukatato Puloti", "000015-MECX35-663TT1-9PJH7Y-95PMR3-XKPRTT-FNUCPC-79AX75-237FNT-TXXEDC"
"Zifubub Tiladun", "000015-207FH9-91V4WM-GDXFKF-D3HK53-TVTKTZ-XHUCPC-79AX75-237FNT-TXXEDC"
"Kabibela Lefumili", "000014-PP9V8W-GNH74N-ZQGKNH-6PHRQW-YC4U8B-WNUCPC-79AX75-237FNT-TXXEDC"
"Uvesurov Omitife", "000015-9J9K4Y-FW7C3X-5KCVN0-EJGAZH-QEYMN5-81UCPC-79AX75-237FNT-TXXEDC"
"Natozefo Uromuluk", "000014-D99PEB-KNJ566-PTT3PQ-EH4G2B-4TGPCW-R5UCPC-79AX75-237FNT-TXXEDC"
"Sozozele Ebuvib", "000017-89E114-8HME8Y-5R0AAQ-M43FGG-R8X7JM-Q5UCPC-79AX75-237FNT-TXXEDC"
"Subupor Bibiri", "000016-4REVX6-3PB20Q-EH2EWF-Q1HBYJ-49KF6Y-U1UCPC-79AX75-237FNT-TXXEDC"
"Valelabe Sopapo", "000015-73CJNR-MCNVZV-9G6YDW-H5NNUY-A8QHQ9-39UCPC-79AX75-237FNT-TXXEDC"
"Resoden Nemasage", "000014-YY0T6J-Z368YQ-WRKG9R-WVKCFQ-69MFYU-QTUCPC-79AX75-237FNT-TXXEDC"
"Keravef Adagek", "000015-YBMEX1-37TQVE-YA29JR-6R8289-UVXMC3-U5UCPC-79AX75-237FNT-TXXEDC"
"Fusifa Zolago", "000014-Y0XZ79-DFN04W-J7HW3D-CHHJ3G-AX188G-3TUCPC-79AX75-237FNT-TXXEDC"
"Rugove Bonapadu", "000016-JRM561-0UHNE4-ZANX3Z-7JG2QZ-Q23GMZ-N1UCPC-79AX75-237FNT-TXXEDC"
"Mogokal Sugefube", "000015-HE6NRK-JNUBHZ-WPMFYJ-8GZ7D5-48UDF8-F5UCPC-79AX75-237FNT-TXXEDC"
"Gidida Pidono", "000015-RKVR3V-FC4VJ0-QDUC62-KBTR1E-NJBMB7-BNUCPC-79AX75-237FNT-TXXEDC"
"Benimi Resizuli", "000016-DWHC8M-74QM2Z-6DEG99-QFDMU9-V5NJTR-UNUCPC-79AX75-237FNT-TXXEDC"
"Ufebagi Unugek", "000017-63MPAF-3MJXJK-WX9H75-EHBBW3-1URHNQ-ETUCPC-79AX75-237FNT-TXXEDC"
"Fosusuv Nidotaku", "000014-A8D9R5-VVUMCG-1Y16W5-1N9UHA-71JMJ4-CDUCPC-79AX75-237FNT-TXXEDC"
"Avubumo Epumazu", "000015-5G05RF-2R48VF-FE1UTV-4072XG-3142U5-XP002B-WVJ3TD-G11AP1-P0B8P9"
"Dotova Guvepoze", "000017-25KQM6-TXDUMB-6Y1JKG-FVPJ0M-24RGD3-4J002B-WVJ3TD-G11AP1-P0B8P9"
"Purilas Ovipipir", "000015-PUDJXJ-58MARX-9NJG02-M6DWAA-M3PNZD-86002B-WVJ3TD-G11AP1-P0B8P9"
"Vofuriza Turove", "000014-CH8YAJ-AHPVZ6-JPGTB7-K4AA8A-RMNDC9-DU002B-WVJ3TD-G11AP1-P0B8P9"
"Fimeturi Nipika", "000015-CYE930-EA4JHD-45DBA2-P8BQ4H-6G5WNK-NA002B-WVJ3TD-G11AP1-P0B8P9"
"Gozosef Perokuf", "000014-BQXMVX-NUQHQ2-TH51VD-AUMX35-2HGVXM-HU002B-WVJ3TD-G11AP1-P0B8P9"
"Gafesak Edelulik", "000016-W9RCTJ-9NV9TQ-AEVJYF-4UAP6Y-WN3TA4-T6002B-WVJ3TD-G11AP1-P0B8P9"
"Nizovade Lizifu", "000015-Y4BM1F-FY6HXP-T29F8N-JFYZFN-FPRRXD-9J002B-WVJ3TD-G11AP1-P0B8P9"
"Madebu Turese", "000016-F9ZKE1-5VVXQH-2XMCNW-YH1PHT-74E076-NP002B-WVJ3TD-G11AP1-P0B8P9"
"Guzotupe Opikelet", "000015-Q5T3TP-VRBUXM-M9TTHB-FFP452-VKGYEF-AY002B-WVJ3TD-G11AP1-P0B8P9"
"Domemev Nisidib", "000016-7UPNUW-6RHRNY-UXAVRC-HD8D0V-E3VG4T-7J002B-WVJ3TD-G11AP1-P0B8P9"
"Nutopulu Petedovi", "000016-GQ3A8C-DEHD30-ZJ676Z-K0R546-YAFBC0-4A002B-WVJ3TD-G11AP1-P0B8P9"
"Pukuku Kavenagi", "000015-YFBUYN-XW5G62-Z8MBYN-MG28F0-3P24N7-H2002B-WVJ3TD-G11AP1-P0B8P9"
"Bikela Emekap", "000017-1VDCMG-BNWTXC-F0NEZV-MAA14K-TGEFQU-5Y002B-WVJ3TD-G11AP1-P0B8P9"
"Kogakagi Memipo", "000014-7UWNTN-97Y6DM-982JV7-PX5WJY-KMZKHH-FJ002B-WVJ3TD-G11AP1-P0B8P9"
"Nafepeba Tesamev", "000015-ZE21AM-RBVRX8-K1H9P1-DGNEXU-5DT84Y-P2002B-WVJ3TD-G11AP1-P0B8P9"
"Fizoze Dakuma", "000015-AM74UA-NUGEDX-BF8P7Q-PN4CE3-7ZE3EW-BU002B-WVJ3TD-G11AP1-P0B8P9"
"Pobapo Fokufeb", "000017-70ZXCJ-9H55UY-TFX1T4-CPEXT1-GKAUDX-Z2W14W-F5WDWC-PZ2PU8-YU9CM3"
"Livoli Vomuboku", "000014-UEM6JE-58TVR2-4K53TR-K09X59-RG1NK8-RPW14W-F5WDWC-PZ2PU8-YU9CM3"
"Notuba Aposok", "000016-AH40NZ-64NB10-EZTG0W-V0UCV9-T42MRC-FJW14W-F5WDWC-PZ2PU8-YU9CM3"
"Oborumi Votasafu", "000016-8MF893-F1PBVZ-VNYAZF-BHC0MH-X8AQXJ-0YW14W-F5WDWC-PZ2PU8-YU9CM3"
"Etetado Avagofil", "000017-42J0FB-TP917X-UJ07MD-VTVYJ1-PBRN06-FJW14W-F5WDWC-PZ2PU8-YU9CM3"
"Firulubo Anasiku", "000014-K9A7RT-U2YZDC-KN459U-KTV9C8-8D3YUF-2YW14W-F5WDWC-PZ2PU8-YU9CM3"
"Laluzapa Omovur", "000016-8UBAN8-0D3N8N-CF2AXF-5A6JWK-4V0ADG-0AW14W-F5WDWC-PZ2PU8-YU9CM3"
"Vugulib Gebule", "000017-8TMCE8-C31YQF-52ZA0R-7MK9RR-0XFBWF-4AW14W-F5WDWC-PZ2PU8-YU9CM3"
"Ametet Pozeko", "000016-P61AUN-DBXCHD-8ZUTZ2-FHVD0H-3P2DHZ-KEW14W-F5WDWC-PZ2PU8-YU9CM3"
"Enedozu Patezoz", "000016-N7ADAZ-43AGNC-67V76V-2A65ZU-KKVQ63-ZPW14W-F5WDWC-PZ2PU8-YU9CM3"
"Boretos Zidivo", "000017-MQ6TKF-N4WKEJ-JWQGX1-047J7F-BXK5NJ-RJW14W-F5WDWC-PZ2PU8-YU9CM3"
"Bupomeko Dalako", "000014-THQ5MP-K6CUMY-P47E6X-3TMQE1-26MRXA-7UW14W-F5WDWC-PZ2PU8-YU9CM3"
"Ezeril Pudazef", "000014-V6QHA2-J0D39X-WJKK0M-ZN56ZV-0XUHP2-KUW14W-F5WDWC-PZ2PU8-YU9CM3"
"Rafofoko Dipatame", "000014-MHKTTK-J1BGDE-JVX3XJ-UKQKMZ-D0CNP7-PUW14W-F5WDWC-PZ2PU8-YU9CM3"
"Funogule Vibosono", "000014-Q11MPB-9NY121-2CHBHG-TRHUMQ-C1YETB-4UW14W-F5WDWC-PZ2PU8-YU9CM3"
"Devagema Luzidag", "000016-EHP9PR-Q655WM-JB8CY0-6EFRD9-20B20M-BEW14W-F5WDWC-PZ2PU8-YU9CM3"
"Apivili Emetisa", "000015-8HHM0C-U53WDH-CGREYW-A513QG-38CF2J-Y6W14W-F5WDWC-PZ2PU8-YU9CM3"
"Sovuze Safavo", "000014-MEXHG8-JTWYZB-Q7HURE-F3MK1Q-716PM3-XCCRHW-VF378Q-KX1913-BD8GHT"
"Rosobeza Zigure", "000016-4XEDUM-MAV79W-172M8Q-C64RAY-NJQ4XH-U0CRHW-VF378Q-KX1913-BD8GHT"
"Timato Apugig", "000016-97VEF4-TWJ695-P9W8N0-Q37ZPF-CQ02K5-7GCRHW-VF378Q-KX1913-BD8GHT"
"Devofu Nitigu", "000015-RT0WNF-6ZXUAT-N8UV4W-93Y9D7-PDXD3F-F8CRHW-VF378Q-KX1913-BD8GHT"
"Gureber Nobireg", "000016-1700DV-Z5RMR6-GBKP58-2N137E-DG6C8Y-10CRHW-VF378Q-KX1913-BD8GHT"
"Borovif Gefadino", "000016-VE4T5A-RA2TRF-58B034-PCG9DH-JPY6A2-7CCRHW-VF378Q-KX1913-BD8GHT"
"Mevarire Otutikuf", "000015-XAEX54-BKNJZH-4N16RV-R3C57X-0DCMXM-UWCRHW-VF378Q-KX1913-BD8GHT"
"Fifige Pukinela", "000016-J2GAA5-QMCPT1-N64GK0-EHYBEG-N3Y5KZ-YRCRHW-VF378Q-KX1913-BD8GHT"
"Gupumo Sofifor", "000017-UMER9M-KND7M4-CHQZTY-NC5YXU-97DFGT-ZGCRHW-VF378Q-KX1913-BD8GHT"
"Rotage Gibulu", "000017-CCZ3V7-0VEUXM-2FZ3NH-1ZC3UX-3HKHEB-JWCRHW-VF378Q-KX1913-BD8GHT"
"Namepek Fasube", "000016-CG5DCH-YU25H7-72RHEU-MPJBWB-WE6EWM-JRCRHW-VF378Q-KX1913-BD8GHT"
"Ebusara Rosovoba", "000016-R844MR-X3M4EU-FRBTTU-0XARTP-MHRZ83-QRCRHW-VF378Q-KX1913-BD8GHT"
"Ogadages Mafiga", "000015-ZMHE61-P6XD2T-B3Z708-NE0ZXY-CPRAXN-58CRHW-VF378Q-KX1913-BD8GHT"
"Usavanin Aretaki", "000017-3XUGZ4-YV61BP-CKAFBN-EEWXUX-52FAF8-JRCRHW-VF378Q-KX1913-BD8GHT"
"Dilivev Zisazuk", "000016-B64N0B-YQPWAY-GY99WP-G3GX5W-7A2M0N-60CRHW-VF378Q-KX1913-BD8GHT"
"Ototemaf Loruni", "000015-0417GF-UKXV2Q-YFTQ2K-9Z016C-VQ37W0-0RCRHW-VF378Q-KX1913-BD8GHT"
"Natapim Dazabato", "000015-NRNY68-D8K15P-2W0P3K-MN0K8R-8PH4EN-DW30Q7-10Z7DA-0U6Y7W-VRGT4V"
"Selubov Bubupit", "000015-P0F9F9-TXH52A-ZFJNT0-JNH3RQ-D7W60K-M030Q7-10Z7DA-0U6Y7W-VRGT4V"
"Rutugi Pumuzet", "000015-MZZYY8-WQ6CC3-ARC731-CTK40M-Y1QN4P-NW30Q7-10Z7DA-0U6Y7W-VRGT4V"
"Donofub Utorufa", "000015-0M9NPZ-G5BX5Y-TQVA8A-GQ2CH3-CPMEHH-5830Q7-10Z7DA-0U6Y7W-VRGT4V"
"Gizore Pepoziva", "000014-CC10TQ-ZKN74A-ZH5R4U-D3XYFW-432WVK-YW30Q7-10Z7DA-0U6Y7W-VRGT4V"
"Lematezo Vasusa", "000014-G6R829-GAMBMG-FFVNN2-Y1J7DD-J29KUJ-6830Q7-10Z7DA-0U6Y7W-VRGT4V"
"Mulerigu Dizebon", "000016-4DXU98-QRV73H-4G5JM0-MEQQGY-NNZPXP-U830Q7-10Z7DA-0U6Y7W-VRGT4V"
"Kemapo Tivelali", "000016-MK2KX0-TMJR1Z-HQZNVX-6AE7GT-NUA6WY-7430Q7-10Z7DA-0U6Y7W-VRGT4V"
"Uditerid Uzusal", "000014-7N3U08-ERAQ7Y-CF9M64-X26QDB-JH3JXJ-TC30Q7-10Z7DA-0U6Y7W-VRGT4V"
"Dosidul Oramili", "000015-HUWD9Z-JGW5U7-YY1B4B-T6YDQH-QBJVQ2-UR30Q7-10Z7DA-0U6Y7W-VRGT4V"
"Gabumu Aloburom", "000017-FZCCDZ-BXBC3H-U7DWTD-63BKX8-NT93M1-C430Q7-10Z7DA-0U6Y7W-VRGT4V"
"Afamuru Ledoro", "000017-EB0YZV-9ZJJU1-5WK4B3-EKP8MF-3N42G3-3C30Q7-10Z7DA-0U6Y7W-VRGT4V"
"Nebazafo Opufop", "000015-XQEAJQ-HQAY2P-CQ7P72-2MPNEF-REP497-9830Q7-10Z7DA-0U6Y7W-VRGT4V"
"Anusekod Medepu", "000016-9W5KFW-P08FE5-WHFE1A-36EFFX-TWXHP6-9030Q7-10Z7DA-0U6Y7W-VRGT4V"
"Kilatop Zidiko", "000015-5J6689-2W20V6-8AF30U-D2DRCA-JC52VA-W430Q7-10Z7DA-0U6Y7W-VRGT4V"
"Pikomite Viguzu", "000015-H18TXP-9ET0D9-E3PMMH-0EH4TK-6FZGBF-DM30Q7-10Z7DA-0U6Y7W-VRGT4V"
"Nakibi Bapezipa", "000017-58MX6Q-T6K4JU-0VH2PJ-4WUJHP-YPY5G9-WM30Q7-10Z7DA-0U6Y7W-VRGT4V"
"Tugafi Uborudet", "000016-38VQF0-BK24EE-QWC3EB-8QN8UT-JP0JPY-1GW466-XTCR4R-QUV2HQ-B2VRFR"
"Lapagob Sasira", "000016-0B8T9A-FVA4HN-N4VZ3A-PUE40G-4BME2U-4GW466-XTCR4R-QUV2HQ-B2VRFR"
"Tololo Navidina", "000017-YHQYNQ-EBCWRB-AZ1MZ8-HCWCA4-42VXN2-Q8W466-XTCR4R-QUV2HQ-B2VRFR"
"Sirolono Monoguri", "000014-RW874F-ZM10NU-X47ZXY-HDYW3Q-9B7RDE-GGW466-XTCR4R-QUV2HQ-B2VRFR"
"Ubumivuf Vudilok", "000016-E2BTM3-CW03T6-G0MRRT-1RMH6F-9BEPHC-H0W466-XTCR4R-QUV2HQ-B2VRFR"
"Depanena Bemikasa", "000015-URK8N0-X6XPAM-J0VYRF-1U0HEK-ZB2TN5-BCW466-XTCR4R-QUV2HQ-B2VRFR"
"Nunukub Bidozut", "000014-ZNNVY3-3MUXPN-P0WV3E-Z2ZQ4V-QCJZN9-QGW466-XTCR4R-QUV2HQ-B2VRFR"
"Mazatir Akadet", "000017-EVEVW6-5H4764-RF0PE2-EM7E6B-BHK6F9-Z0W466-XTCR4R-QUV2HQ-B2VRFR"
"Alibunu Didozip", "000017-7RQJRU-K14M0G-9V8FUB-UYWYG4-YEQUPB-KMW466-XTCR4R-QUV2HQ-B2VRFR"
"Gorine Feterino", "000015-2JZWRQ-WJYFY5-FKFJT5-TZJVQC-NG62TG-54W466-XTCR4R-QUV2HQ-B2VRFR"
"Povale Tarukas", "000015-N8N8PH-ENP103-JZWP3Y-ANB2ZB-7U0198-2WW466-XTCR4R-QUV2HQ-B2VRFR"
"Zazomoga Demupi", "000014-5JQUNZ-ZE3YKT-UVKC1Z-M8PYRW-UBW7N5-QWW466-XTCR4R-QUV2HQ-B2VRFR"
"Fuvupom Lepanev", "000017-GP4HXK-CQF6WE-PCBG06-PVJD48-U8BHRD-64W466-XTCR4R-QUV2HQ-B2VRFR"
"Ferikiz Gevuma", "000015-A952FH-0R8P9A-039DC2-QU9XP0-38KVW6-NMW466-XTCR4R-QUV2HQ-B2VRFR"
"Fufumub Adetiv", "000014-KFWAK3-HDZTJK-13AEX7-YEYRNH-U5T20F-PCW466-XTCR4R-QUV2HQ-B2VRFR"
"Fanevab Finonur", "000014-XCB6JG-XTCCGT-CBN9MU-GERJF8-55B7F5-0CW466-XTCR4R-QUV2HQ-B2VRFR"
"Dopoke Zidemize", "000016-ZZM99R-XJXA9A-W0M3EG-EDWX83-404TUY-RRW466-XTCR4R-QUV2HQ-B2VRFR"
"Puvoze Edagumi", "000015-N5B30G-EEATMB-TT5TT8-UZBQK2-2Y33UX-8018YF-CU3D6N-D573HE-9TC3GU"
"Munono Tasaduk", "000016-H5X6BJ-3H46G0-HZ0RF6-899338-CBUQ1Z-A818YF-CU3D6N-D573HE-9TC3GU"
"Mezodose Tagudizi", "000016-6EHW34-6K86XR-Y04JBR-7FVX5W-ABD9E7-T818YF-CU3D6N-D573HE-9TC3GU"
"Dufemop Atepip", "000017-TQAVYH-00H348-3BWEAY-FQYBV9-QBMHRQ-ZM18YF-CU3D6N-D573HE-9TC3GU"
"Kinamer Desige", "000015-F0MY3C-6E390N-AZB0BY-12DN1Z-5A2ZK0-KC18YF-CU3D6N-D573HE-9TC3GU"
"Nemituz Peguke", "000016-5D2MHT-Y8FWN1-743DBQ-K4XZG4-2DWK1P-VR18YF-CU3D6N-D573HE-9TC3GU"
"Akefepep Fisasa", "000015-C3RDY4-B2Q7A3-4UUCEU-017HDD-89XTYG-UM18YF-CU3D6N-D573HE-9TC3GU"
"Zinage Muvizalu", "000015-AQGA12-HJX9BD-8JPPAE-Y6GF36-ZJUZGE-TR18YF-CU3D6N-D573HE-9TC3GU"
"Kelapavu Tunopip", "000014-H30PUW-K86N7N-Q0QGAD-WW3W07-CHHQ8X-W418YF-CU3D6N-D573HE-9TC3GU"
"Datupur Kogadube", "000015-1N3G0F-CK9C0J-MMTKW2-3477UH-WFEU78-A018YF-CU3D6N-D573HE-9TC3GU"
"Didufozu Nokube", "000015-WZ8MA3-TNYRNZ-KCHA3C-Q3VEW4-A5K5YN-PM18YF-CU3D6N-D573HE-9TC3GU"
"Pidona Tupolifu", "000017-TJ6NTC-DRJVRV-9P9EZ7-H3HJ9M-4HD76N-7418YF-CU3D6N-D573HE-9TC3GU"
"Fatopuni Alizaga", "000015-3NT033-3BEEH1-0YJ8CB-AKWK5G-41KFQ3-1C18YF-CU3D6N-D573HE-9TC3GU"
"Kanile Botofeg", "000015-DV89GJ-REBN69-UARGBQ-ZCWB8Z-KAQUD6-MR18YF-CU3D6N-D573HE-9TC3GU"
"Derori Safipufo", "000015-F9N9UJ-TQAQQV-JZUB8F-7RR8UN-7R1XR1-QR18YF-CU3D6N-D573HE-9TC3GU"
"Ronitesi Bemama", "000016-M56GA6-JQH3AE-3N67KZ-4KUQXV-4QQJMR-6M18YF-CU3D6N-D573HE-9TC3GU"
"Logotul Tuperu", "000014-CWVWVT-3UD37F-V11G33-MX53BC-AG1XKD-QM18YF-CU3D6N-D573HE-9TC3GU"
"Kinepob Lekini", "000017-Q9E2CW-2T1DY5-QUGRT8-5M0VUE-U2GVWB-M8PKHN-52YR69-R0CGTR-GN3299"
"Mesemifo Tagilep", "000017-8H28EQ-9M4PXW-RKNXG9-X38ZK6-172BNX-6RPKHN-52YR69-R0CGTR-GN3299"
"Afepufu Gadezeku", "000015-ZQNQ2P-HHMZ3Q-7GM8Q6-QYRJZW-89URJ7-ECPKHN-52YR69-R0CGTR-GN3299"
"Lozadu Susufaf", "000017-MNY80G-J47JPE-4B0VR8-Y70XZ9-K3RFVF-CCPKHN-52YR69-R0CGTR-GN3299"
"Letavu Utezepa", "000016-MPW0G5-Y56QP4-W2YDJR-HMFM6V-96Y7BV-QWPKHN-52YR69-R0CGTR-GN3299"
"Borasus Fifeseza", "000014-EJXCCG-Z00HB7-4HD40D-HZQMXP-E85ZHV-1CPKHN-52YR69-R0CGTR-GN3299"
"Nipolate Bizevi", "000014-371ZBJ-8F7J7J-RMK2KQ-8C4VTX-9ANPDJ-XWPKHN-52YR69-R0CGTR-GN3299"
"Sivamis Pibuvama", "000017-3KRMV5-E5V9Q7-1K1VW9-HJ6F0K-UPCZDV-DMPKHN-52YR69-R0CGTR-GN3299"
"Nuzogug Kigifeme", "000016-U7AFV5-863GER-HZCR1C-4U5YXE-6VA96E-54PKHN-52YR69-R0CGTR-GN3299"
"Fuzilesa Zumudi", "000016-W1DZXA-1P1U62-RH3UXA-FN2NDH-8ZGT70-7MPKHN-52YR69-R0CGTR-GN3299"
"Vevakuz Animibal", "000017-2KY9YE-K7G4JF-2DGHW2-1QB6EH-91KN8V-RGPKHN-52YR69-R0CGTR-GN3299"
"Ubizupe Defogeko", "000017-UB10H7-J8QR17-HD8BXM-6NN2KY-GCRJBK-AMPKHN-52YR69-R0CGTR-GN3299"
"Ezopagib Vadinela", "000016-322W65-E34NXG-VNK9QR-0TXD1R-DHJ5ZH-Y4PKHN-52YR69-R0CGTR-GN3299"
"Osunan Digasili", "000015-W5RZM3-XXV3BG-R03RE9-50Q425-MQ5JAF-UGPKHN-52YR69-R0CGTR-GN3299"
"Fipuri Ugorub", "000016-PPYZBX-XCKFY3-57E924-7UCVVQ-H6YT94-7CPKHN-52YR69-R0CGTR-GN3299"
"Zizabifa Eniboge", "000017-2DNZKU-A0CBH6-XGEUAY-ZW9QPN-G1YYPN-8CPKHN-52YR69-R0CGTR-GN3299"
"Davatugi Zesosa", "000014-7NN76U-G0KKC5-E13RGD-0W7V1Y-3C7VTV-R4PKHN-52YR69-R0CGTR-GN3299"
"Dodenubi Manakog", "000015-XV4EF7-CGERX1-36ZTBT-ZNNF5A-021ZUW-1E7YET-Q53U33-DTDVZF-768ABU"
"Ubefal Pomubo", "000015-0UGXT1-AZQE83-QP7N2N-DH5QYV-2Z3977-HY7YET-Q53U33-DTDVZF-768ABU"
"Ganelasa Detadude", "000015-Z70X6N-V9NWZ3-1NFTHG-1N39HX-T4B6NK-8U7YET-Q53U33-DTDVZF-768ABU"
"Rifelos Arobed", "000014-JYZABV-8NJNCE-54FDRC-JZZGPQ-C99CV6-9Y7YET-Q53U33-DTDVZF-768ABU"
"Pavipad Pofivale", "000016-4AZG4Q-JP18E5-BH75CU-9GT6PZ-XRK823-MP7YET-Q53U33-DTDVZF-768ABU"
"Viburik Fidage", "000017-PB93PW-42N3Q3-XAJY65-KC1FMX-17GWH8-0Y7YET-Q53U33-DTDVZF-768ABU"
"Rotatoru Lozulit", "000014-FMM0WX-9P68HB-E5RGT2-EZJE7N-QBRXYR-V67YET-Q53U33-DTDVZF-768ABU"
"Esisadun Efavulip", "000016-P4WNHW-BU3EPA-0WFTBZ-J8R1BU-QT0XX0-827YET-Q53U33-DTDVZF-768ABU"
"Origabuz Kovotisa", "000016-NN7FW6-F3Q6NH-51288E-FMM4Y8-YGPBYX-Z67YET-Q53U33-DTDVZF-768ABU"
"Vemoboni Zarikigu", "000015-7WFE4Q-RKR4X2-0EGA29-YXETZZ-6R56H2-E27YET-Q53U33-DTDVZF-768ABU"
"Elafide Nobadulo", "000014-AMNVNN-KBXZF3-UE25R3-TB7N5D-QNNHPM-327YET-Q53U33-DTDVZF-768ABU"
"Ramakeg Ezulebab", "000017-NG4Y10-82WGJ9-K1HX94-ZTV2EN-YBA9X0-VJ7YET-Q53U33-DTDVZF-768ABU"
"Mifuvo Fuzapi", "000017-DY5NC2-7GJ3Z8-7NN84V-2NDRWW-D66EU0-NU7YET-Q53U33-DTDVZF-768ABU"
"Rurare Binero", "000015-CZ2M6V-CKT35V-UP5DXP-VH0U7N-EQ5FC6-FP7YET-Q53U33-DTDVZF-768ABU"
"Tiritet Lapurika", "000015-EPN8BY-HJ2BZ6-6AHDBW-P032Q9-C1WGD9-AA7YET-Q53U33-DTDVZF-768ABU"
"Bateresu Umunelik", "000015-9TRZBP-1KPRAQ-PPX5C5-76U39X-P18HA9-YA7YET-Q53U33-DTDVZF-768ABU"
"Vebuvil Ogenogu", "000014-RW250V-51MEJ9-T5YW46-GGP98P-BG05RN-BH5ECG-ADHCA5-25V13R-KYCX7U"
"Divakar Kinulu", "000016-JJA9JJ-A0C5AA-GTVDYQ-F5DBPJ-UCAAC9-DH5ECG-ADHCA5-25V13R-KYCX7U"
"Detafu Gedidana", "000014-9NNVWC-9T3TET-K4TR84-8MJV7A-WEK2RB-CN5ECG-ADHCA5-25V13R-KYCX7U"
"Okafinov Ovibono", "000017-VQZU83-MKPWCQ-94M1BF-83YQ5Q-QW3BN7-3N5ECG-ADHCA5-25V13R-KYCX7U"
"Utananuz Olorede", "000014-D7EJME-68XKDM-7N129Q-YWF9G2-GEJ2YH-8H5ECG-ADHCA5-25V13R-KYCX7U"
"Kezofuf Gazuret", "000016-5ZAWVE-9AM6MQ-66384C-W3NF5B-3H1YRX-2H5ECG-ADHCA5-25V13R-KYCX7U"
"Zigakuz Nererivu", "000016-ZRZNKV-4GUZK1-KZHNPA-5FX9PZ-2TJ8WC-WH5ECG-ADHCA5-25V13R-KYCX7U"
"Simurufa Botige", "000015-JP7GT0-1Y6YJA-P9EVY1-W6HZAM-73H3NC-8N5ECG-ADHCA5-25V13R-KYCX7U"
"Tuzaparu Asuser", "000016-X7X6TR-44RRBX-W2T3Z3-V16MQA-RBNME6-G15ECG-ADHCA5-25V13R-KYCX7U"
"Tizogi Pelekoga", "000016-541MEB-82XWNA-1MKD1N-KUFVV0-6K7VRD-ND5ECG-ADHCA5-25V13R-KYCX7U"
"Dopumozi Ulezufe", "000014-DRNR0W-JUQC4K-5PRC4H-7UEYDH-02P6FR-KD5ECG-ADHCA5-25V13R-KYCX7U"
"Apalez Vusadafo", "000016-R8VNQK-VF12JF-4DPZYC-RV5G9W-A3BCG6-P55ECG-ADHCA5-25V13R-KYCX7U"
"Logemana Vevulif", "000015-5Z7UYM-VJ8W4H-G6BZ8A-0Q6KD2-5XH9GB-ZT5ECG-ADHCA5-25V13R-KYCX7U"
"Gedidi Fapumupo", "000017-UFAFAD-CHMCZ9-7XG9RF-93YQWB-K5R0ZF-ND5ECG-ADHCA5-25V13R-KYCX7U"
"Azuvokif Pipaped", "000016-WX6H2A-2D46D0-1KUUQC-G6YG98-KZET5N-P95ECG-ADHCA5-25V13R-KYCX7U"
"Tozagufe Vivozoli", "000014-9Q1DVB-PZZZQE-ZYKNTX-DJRVY9-TG84RP-GX5ECG-ADHCA5-25V13R-KYCX7U"
"Fesive Ubolip", "000015-XK9HU9-0PXY7H-EW2M9U-AF448C-M3X877-2T5ECG-ADHCA5-25V13R-KYCX7U"
"Latebub Gerizu", "000017-A4725D-T2BFGZ-W85NWF-73B6XB-WGJBVQ-QH5ECG-ADHCA5-25V13R-KYCX7U"
"Dugebo Zalume", "000016-7R72GA-6WU521-ZB2EMG-6J39AR-VURPU8-3XKH0Z-7FBQTP-AY004U-017P3T"
"Zivadapa Agusev", "000016-CZN4U4-WCTRFP-0VJ3BG-XN3QV4-6P9TBQ-KNKH0Z-7FBQTP-AY004U-017P3T"
"Nagimive Repaliv", "000016-3G2KZK-JWPV10-CKVG5V-D040PD-32CYMY-PXKH0Z-7FBQTP-AY004U-017P3T"
"Kovudel Zazepef", "000016-W7QVXP-668M01-CQNHAC-FP3W18-XP77AR-AHKH0Z-7FBQTP-AY004U-017P3T"
"Kafigifo Fibopov", "000015-H9FN71-ZXW9F9-V8NYNK-N9CFD5-6DZHDC-5TKH0Z-7FBQTP-AY004U-017P3T"
"Gapeki Sonani", "000014-BAXXU0-1QXCB8-KZKZCJ-JMTGBJ-611QVT-3XKH0Z-7FBQTP-AY004U-017P3T"
"Ripurulu Kanurofi", "000017-08AAE3-8CX7FV-AWMQFW-XPYW73-20U765-MXKH0Z-7FBQTP-AY004U-017P3T"
"Lelidu Dumorimi", "000014-9APT2M-G8NZ80-3WVRJA-9MAK68-E9956P-5TKH0Z-7FBQTP-AY004U-017P3T"
"Fetezuso Rogaba", "000016-5A923Z-DGU5WA-W0QWAF-CW0MMX-PXEZ9G-NTKH0Z-7FBQTP-AY004U-017P3T"
"Rurilib Badisar", "000015-BWWF6H-ANE4XH-GJV3G3-JTFWG8-5A8HFZ-U1KH0Z-7FBQTP-AY004U-017P3T"
"Lovidum Migabap", "000016-T1X2FB-2C7RNE-XD65W7-J7BMBN-Z50CBR-6XKH0Z-7FBQTP-AY004U-017P3T"
"Lazozaf Gezekis", "000016-4W4G2E-QPX0DM-35B01J-Q0M4BU-C28KPW-U1KH0Z-7FBQTP-AY004U-017P3T"
"Dobufi Lofogili", "000016-W17TGK-QPAWEA-K4F33Q-JH8Y1H-T2Q841-R1KH0Z-7FBQTP-AY004U-017P3T"
"Refesebo Avelak", "000015-B58385-YXTXTF-R0GAT5-0K6RQX-T26F2N-Y1KH0Z-7FBQTP-AY004U-017P3T"
"Subivu Pulidev", "000016-XHWHNF-HPW8UC-5J52XJ-CZZDAM-19KRWJ-GTKH0Z-7FBQTP-AY004U-017P3T"
"Kurereba Manoku", "000015-8Z30PP-BHXDR5-D2UAHG-GKG3WH-NRQRG3-BHKH0Z-7FBQTP-AY004U-017P3T"
"Uzolin Pivasin", "000014-ABFX83-FNQE9J-4T258D-6XD3BW-J1DMHG-NTKH0Z-7FBQTP-AY004U-017P3T"
"Visudu Gumibor", "000015-1UT8W9-H7PJEH-73RFD3-Z4CH9N-GHZD3K-CX8E3F-1RKBPT-94PVZ5-5134WB"
"Segusu Vizana", "000015-37G7AP-GXN3B6-J2Y8KM-C6BRX8-EH0VV7-G98E3F-1RKBPT-94PVZ5-5134WB"
"Milezili Pelodi", "000014-3NBH4V-1V30AJ-7Q0GN6-7PHXQP-5CPCQ7-P58E3F-1RKBPT-94PVZ5-5134WB"
"Ogopebu Kovamora", "000015-UHPCU8-N9PV14-7173A6-EYZ2XP-6EYQZ1-FD8E3F-1RKBPT-94PVZ5-5134WB"
"Otirug Odumup", "000015-9G28FU-50625T-Q11YEG-X0XKHX-E77VN3-W58E3F-1RKBPT-94PVZ5-5134WB"
"Ragiduv Luvipil", "000016-HF8G6V-9UFFVM-MGK7RP-32P7WN-ERXRR9-818E3F-1RKBPT-94PVZ5-5134WB"
"Lozotepu Sipogi", "000014-QU7XVR-2J0191-6MGTXH-TDTYQN-UMP66N-X18E3F-1RKBPT-94PVZ5-5134WB"
"Sevibi Avufuso", "000017-NTJQ5K-RFH5FU-73N45P-3TFREV-3W88AK-D18E3F-1RKBPT-94PVZ5-5134WB"
"Mutatemu Fesogaza", "000015-JYPJQX-9B8AXM-GYZUTW-550T1X-B9AD4H-TT8E3F-1RKBPT-94PVZ5-5134WB"
"Felevom Vedevogo", "000015-GU85CD-BDQ4C6-EWH23G-5QX1RF-WKNPBU-458E3F-1RKBPT-94PVZ5-5134WB"
"Tezuvuvi Bemedufu", "000014-95FA7D-2MGYQZ-C5T29U-XPE2MQ-RV98WF-NT8E3F-1RKBPT-94PVZ5-5134WB"
"Sepaneto Gefezusa", "000014-K64ZQK-AJEEPE-A4Y69Y-C0EZGW-EGDKXP-CH8E3F-1RKBPT-94PVZ5-5134WB"
"Sifopig Amebed", "000014-N5UR7P-2G1GUQ-UKWQAP-0NPNP9-2WZYW8-N98E3F-1RKBPT-94PVZ5-5134WB"
"Umevekis Ebovuzut", "000017-ZZR5N8-MT0UAX-RNHR54-54Y3JR-NWTG5J-U58E3F-1RKBPT-94PVZ5-5134WB"
"Puvegevu Gutiku", "000014-BXXRQN-B6G2JG-8J90B6-NGJRUZ-862N56-H18E3F-1RKBPT-94PVZ5-5134WB"
"Zogufata Edifukem", "000014-B39BCF-KNW65A-MQV5GP-X96653-JQMT8Z-X18E3F-1RKBPT-94PVZ5-5134WB"
"Dureru Rilava", "000016-ANDR8D-19H6E0-YHTD4J-CX28VH-KHMBBM-EHVJPY-K65QDT-WK7UBV-VJ0GQ1"
"Nifizu Alules", "000015-JWP1ZZ-NPAD2U-CCH6TB-UN0H6M-BFECEX-51VJPY-K65QDT-WK7UBV-VJ0GQ1"
"Fegekase Notomo", "000014-UBBM28-2JH368-FQU3GM-WBG4Z9-0JYF9M-TTVJPY-K65QDT-WK7UBV-VJ0GQ1"
"Migikil Sepired", "000016-WU5XCY-XBBWC2-6B2C54-UG281Y-E7Z81A-UDVJPY-K65QDT-WK7UBV-VJ0GQ1"
"Zarule Fakara", "000016-Q19MT4-0Z4ZTX-1MKDKK-QA7P0V-JJ7DQU-5DVJPY-K65QDT-WK7UBV-VJ0GQ1"
"Bevuvose Kufolum", "000015-QQV7CN-FHA7N7-DVHGGA-GQVT6P-05G7MY-XXVJPY-K65QDT-WK7UBV-VJ0GQ1"
"Pugirum Sunuli", "000016-BUWXWW-JKT0YG-YFA7JY-855ADT-3NCXG2-E9VJPY-K65QDT-WK7UBV-VJ0GQ1"
"Romunime Asadate", "000015-MT3CRA-80RDB6-343R5W-H05ANH-4RC6WV-R5VJPY-K65QDT-WK7UBV-VJ0GQ1"
"Umozare Banesub", "000015-TQ9CQK-D0JXP6-86F44B-QF94RY-UMARE7-2HVJPY-K65QDT-WK7UBV-VJ0GQ1"
"Boribom Pisidofa", "000014-WJERAT-KR5TBX-EUGWNW-DTQ1YT-7CBNTN-QTVJPY-K65QDT-WK7UBV-VJ0GQ1"
"Utofate Tigavuni", "000017-ZM19VQ-PKCHHR-RJ42GR-Z4JEBT-YU5AC5-UTVJPY-K65QDT-WK7UBV-VJ0GQ1"
"Fimudid Aputot", "000014-7Z5875-47WVB5-Z1MWXR-UHG1HW-D9T58Y-VNVJPY-K65QDT-WK7UBV-VJ0GQ1"
"Erezezu Sifake", "000016-3DDTYF-9RYK3F-HVRUPR-78M1M3-4P39ZY-9TVJPY-K65QDT-WK7UBV-VJ0GQ1"
"Sagotan Ritosi", "000016-YK4QCP-K0R037-0VRWWF-7TJFZ8-Y0FBE0-N1VJPY-K65QDT-WK7UBV-VJ0GQ1"
"Devazuf Nutises", "000015-HEX85C-BD7V3J-AX866R-54E60K-APC0X5-XDVJPY-K65QDT-WK7UBV-VJ0GQ1"
"Nudama Dogubi", "000014-4Q36XE-HMU4W8-TX41TP-TT5KGR-ZPEDQ1-05VJPY-K65QDT-WK7UBV-VJ0GQ1"
"Agodalin Fuzepo", "000017-RD9CQK-W8TRTG-HW92JZ-PECV87-J1Y2FE-BTVJPY-K65QDT-WK7UBV-VJ0GQ1"
"Bopedap Kosozol", "000014-G36K6E-E48Q5C-6NHY7F-WPJ57Y-XVP68H-WZVTVT-DW9FTY-5CYA32-F2Q5RF"
"Kimarul Aburarir", "000015-TRY9ZM-709T82-YV7VTW-56WW48-T5QJAC-9ZVTVT-DW9FTY-5CYA32-F2Q5RF"
"Rezigevo Paleli", "000017-8FTNNM-MH05C1-F885NT-G4BPJ2-MNU3MU-B3VTVT-DW9FTY-5CYA32-F2Q5RF"
"Mezazop Gadulafa", "000014-ZZC8QN-A16431-VA9X8G-7X0E9Z-9F557V-T3VTVT-DW9FTY-5CYA32-F2Q5RF"
"Bozeku Miderus", "000016-1UA008-49CU45-FFCY09-UPWDYT-4CN732-6KVTVT-DW9FTY-5CYA32-F2Q5RF"
"Rezenus Nuvune", "000014-CQ9KN3-6ZVM0N-EQ8UQ8-61PQ4Z-X8N2Y7-W3VTVT-DW9FTY-5CYA32-F2Q5RF"
"Fitugezi Agaluba", "000014-UMQ19M-J6638T-XVYPVK-59JACE-HN87FJ-R3VTVT-DW9FTY-5CYA32-F2Q5RF"
"Avifikoz Koviro", "000014-6WHTB2-RK0Z06-66TPAD-ZM1NUN-V4EQHB-TZVTVT-DW9FTY-5CYA32-F2Q5RF"
"Kalizi Kituko", "000017-63N74W-77M4Q0-D5ZC35-W1A1YA-Q034H2-5QVTVT-DW9FTY-5CYA32-F2Q5RF"
"Zagunifa Eruzura", "000017-WTGVZT-WK3U5T-8GV784-TTKXP3-TTYE6J-VZVTVT-DW9FTY-5CYA32-F2Q5RF"
"Belebini Giluzul", "000016-0J75T2-ABRPRU-TF026T-7J70Q5-TBJ9N8-CZVTVT-DW9FTY-5CYA32-F2Q5RF"
"Fefobulu Sozusama", "000015-9XC190-0BCZ30-A7T135-ZDD0D7-KEAWZZ-4BVTVT-DW9FTY-5CYA32-F2Q5RF"
"Kazago Besamim", "000014-RN5J7A-AANX7D-JM964A-KGRZEM-51JT6N-7QVTVT-DW9FTY-5CYA32-F2Q5RF"
"Bubikin Dafupif", "000014-EFU8GA-CDG07H-RBYMZN-TWDZG5-ND1QCU-CQVTVT-DW9FTY-5CYA32-F2Q5RF"
"Rivafen Pesune", "000015-FK9QG5-8W25GQ-1V7TP1-5NT641-4P6TZU-2KVTVT-DW9FTY-5CYA32-F2Q5RF"
"Fetalif Kilivag", "000014-U7A8YQ-QDJCEU-HD8Y46-MUDQ6N-BNDA3H-MVVTVT-DW9FTY-5CYA32-F2Q5RF"
"Kurageki Zalizu", "000015-4Z23M6-6GPD2C-FRR5H4-UV0PUZ-3BXY3M-77VTVT-DW9FTY-5CYA32-F2Q5RF"
"Rokako Fosiveno", "000015-2NFKU6-20VGRE-9FNF2R-UQGNV0-F0874G-3RA3ZU-22HJD9-GGWHD4-323RC7"
"Nubokeke Buvonofo", "000016-R1KBXF-MN4KQ3-AEC4ZY-RZMQTV-NN35H1-TGA3ZU-22HJD9-GGWHD4-323RC7"
"Batipam Bezafeg", "000017-D0FR3D-A2TFP6-7JFXQB-23UE2W-EFXG9Y-WRA3ZU-22HJD9-GGWHD4-323RC7"
"Dazali Devuvov", "000017-UF3QNF-RW7DQE-W1YDZ7-65C56M-QN56KP-GCA3ZU-22HJD9-GGWHD4-323RC7"
"Temibef Gopazal", "000014-2CVFYE-D1V9HV-WQ65V6-KKFY6D-02XGY4-88A3ZU-22HJD9-GGWHD4-323RC7"
"Fozafa Lesilen", "000017-7TBDY2-YQPKP4-EVGBBN-PAPCYG-QJHVT6-8RA3ZU-22HJD9-GGWHD4-323RC7"
"Fikozu Aseribuk", "000014-5KGUEE-8YG8MX-NJAH89-0ZE2YU-572P8K-ERA3ZU-22HJD9-GGWHD4-323RC7"
"Rapelomi Foduzov", "000016-M3Y1GD-NCYQ40-Y38NMJ-0WJ82J-3VJ9MD-7CA3ZU-22HJD9-GGWHD4-323RC7"
"Sazilane Tosekiv", "000016-757UEV-6XDJ5Z-J55B5Q-BMDK06-QQ3P5G-EMA3ZU-22HJD9-GGWHD4-323RC7"
"Mikale Zalipuk", "000016-ZG3079-BWFKM1-9VH1CZ-EV3VU6-TEFVG3-6WA3ZU-22HJD9-GGWHD4-323RC7"
"Lereri Sibuna", "000016-D676TR-J5V2E9-TU804V-K97W4W-2F8KC0-W0A3ZU-22HJD9-GGWHD4-323RC7"
"Omudig Kizereta", "000017-FMWU02-U9F34Z-JYH5EB-C6NWEY-7573UA-24A3ZU-22HJD9-GGWHD4-323RC7"
"Fozumuna Adofis", "000017-CBQU3U-ZBHNUM-RDJUA9-47923W-PCYVG9-MCA3ZU-22HJD9-GGWHD4-323RC7"
"Pevipo Daminama", "000017-47UZXV-WAX2QD-C2FAHR-NKZ8ZG-W8VRPG-9GA3ZU-22HJD9-GGWHD4-323RC7"
"Umizik Berapopo", "000017-7TP7R2-5TJB3H-D2BAH1-7TCB4P-7166JR-0RA3ZU-22HJD9-GGWHD4-323RC7"
"Fozora Odevope", "000015-DC7BFX-8TQXBA-4JE7X7-HUVPXN-84GRNU-EMA3ZU-22HJD9-GGWHD4-323RC7"
"Vozarid Tetulu", "000015-RNE23V-BKEKRY-MHZQ46-CGKXH5-DVX94P-K5682R-PTMDNE-RD3F7R-3J6PTP"
"Teratuze Dodizu", "000014-JJ98P3-RXTK13-XPBW4E-6PHMET-K572KY-CD682R-PTMDNE-RD3F7R-3J6PTP"
"Kotugeku Vifunoke", "000014-BVYA8E-TVE7TY-0TPAE7-BP4WXU-4CFGT1-C1682R-PTMDNE-RD3F7R-3J6PTP"
"Zelozeli Talused", "000014-QHZ02H-UKKQX1-7DHZNX-T2F5TQ-7X024Q-C5682R-PTMDNE-RD3F7R-3J6PTP"
"Naruni Kelodote", "000015-CCM665-4AD45K-N18KHG-2HGNTK-5B5FPM-69682R-PTMDNE-RD3F7R-3J6PTP"
"Tidovap Ofogedus", "000015-VFWP20-MMMRVH-KG56R0-BBF4P6-J1YMET-UD682R-PTMDNE-RD3F7R-3J6PTP"
"Gilepoke Vedupama", "000014-CBKHA1-U6GZF6-YMZWZX-6WPWN1-PKT7KU-UX682R-PTMDNE-RD3F7R-3J6PTP"
"Usasibof Lufuma", "000015-YA6B6H-YCA222-20TWMV-0QJX4C-NNPXPG-61682R-PTMDNE-RD3F7R-3J6PTP"
"Sevovob Asilapav", "000015-PWAN7X-47GGKX-7ZZQ7D-EGAVN6-ZZZB3Y-YT682R-PTMDNE-RD3F7R-3J6PTP"
"Alabam Onodemu", "000015-MYXK76-1ZWZAT-QGFG75-AWKXVZ-CV4UCF-RH682R-PTMDNE-RD3F7R-3J6PTP"
"Bizuziz Sebedu", "000014-6KQP61-RD4WG5-5EJDVX-BFN891-KK3Y7K-FN682R-PTMDNE-RD3F7R-3J6PTP"
"Nimegu Ulinimu", "000014-CM1CQA-5JU7FR-22FXRZ-4757BY-XK9Z5D-VD682R-PTMDNE-RD3F7R-3J6PTP"
"Kagopa Kizaki", "000014-T9C37F-K19RV1-EYKKYN-B8W2RU-9QFHZM-1N682R-PTMDNE-RD3F7R-3J6PTP"
"Kiteri Ugegunu", "000015-CJWBCY-KR29WB-ZR5ATE-84AWYD-JTTF7Z-MH682R-PTMDNE-RD3F7R-3J6PTP"
"Dinotodi Mifatip", "000017-B8BGX5-0CJVBH-4XDNVY-DFYVVP-9X3RCW-W1682R-PTMDNE-RD3F7R-3J6PTP"
"Gosulel Kivoniza", "000017-VVHH68-DMU7D4-K6Z5QG-R1WTMK-GNGEQF-H5682R-PTMDNE-RD3F7R-3J6PTP"
"Pudared Peniniv", "000017-H330KT-WG5WN8-TKTR2P-CRAFX0-0A0M9B-G9682R-PTMDNE-RD3F7R-3J6PTP"
"Siroten Sidomar", "000017-1ZD5X0-HKQG0V-NBXDDG-NDVF6P-FH5RFJ-EUFXCE-EFWZ62-AM9857-14AZVV"
"Bilekuki Soturu", "000016-XX0Z1H-G76V22-67HVW5-1GJ2VP-83YX7C-KYFXCE-EFWZ62-AM9857-14AZVV"
"Vosupuro Pikoma", "000014-9KVB1K-D8H5Z5-RUM5DV-HH9WJ1-XAHU7U-ZJFXCE-EFWZ62-AM9857-14AZVV"
"Finele Otofufa", "000014-HWXM8T-CKC61R-BRX5Z1-E48QRR-R4625Y-MJFXCE-EFWZ62-AM9857-14AZVV"
"Nudefano Mogoko", "000017-0HPBX9-ZG7KRK-5D7EZU-Z108CK-KWPCA3-TJFXCE-EFWZ62-AM9857-14AZVV"
"Agadaf Sakazusi", "000014-PVXP1B-BNV3CX-V0WA9B-JPUAXZ-0D5NVQ-4EFXCE-EFWZ62-AM9857-14AZVV"
"Zikefi Bavarul", "000014-JMAPMW-R1AF9A-TBXZQD-0CZJCB-XFKXRB-76FXCE-EFWZ62-AM9857-14AZVV"
"Mikoto Onenopo", "000015-247ZDG-CUZT93-252V9R-9VK6W5-VPC68M-Y6FXCE-EFWZ62-AM9857-14AZVV"
"Boladug Kefozeda", "000016-TEKCBK-67TURJ-CRC7FY-JEC20A-5MQ7PU-5AFXCE-EFWZ62-AM9857-14AZVV"
"Ravimifo Sobide", "000015-CMM9WV-92VVQH-1RY8P3-U0WXDV-88F3KW-QYFXCE-EFWZ62-AM9857-14AZVV"
"Nukofel Nalonu", "000016-E39QX1-16075K-EG24NX-FCDQ7A-V1EA9D-0YFXCE-EFWZ62-AM9857-14AZVV"
"Ralafova Popuzasi", "000014-MU3G2B-H9B00J-DQ8PA6-9EJWK0-HHFBDU-6UFXCE-EFWZ62-AM9857-14AZVV"
"Fovezet Dilase", "000014-KDZCVA-6G074Q-Q0PQZG-FXEPMM-K57JH7-QJFXCE-EFWZ62-AM9857-14AZVV"
"Zalebupi Afebeg", "000014-NCUY85-NVNZ3K-BWBEDC-BKCJ7M-AC9JZ2-T6FXCE-EFWZ62-AM9857-14AZVV"
"Lefakor Vatubate", "000017-FVZXD1-E6E35B-ME6KDM-K9AJAT-ZE0UKE-1PFXCE-EFWZ62-AM9857-14AZVV"
"Bokovu Nibufok", "000014-DDBC21-DE0ZQ9-EKZ3NQ-JEMCAW-B119MZ-PJFXCE-EFWZ62-AM9857-14AZVV"
"Gakumig Lukili", "000016-XAYT07-X8J67U-TY3XHD-KT7YJ8-GT3AH8-Y2FXCE-EFWZ62-AM9857-14AZVV"
"Dokagimu Vatodofi", "000017-T9HAQK-DJKNRE-DXDPRA-PEGE34-GT6QBN-DP4KWF-R40BQ5-5CF2M4-B5E78T"
"Bagatevu Telerok", "000014-6XVVE5-UENUZC-NFKRF3-6QA5YE-8GZFVD-EJ4KWF-R40BQ5-5CF2M4-B5E78T"
"Ekiberuf Funorale", "000016-53WQ2K-RH2EZR-JJ6WYC-NG2PE1-MBQ03Q-GU4KWF-R40BQ5-5CF2M4-B5E78T"
"Vafebos Detugig", "000015-KA4J7M-85GKUG-A703DU-6QF5ZF-83WJ9W-5A4KWF-R40BQ5-5CF2M4-B5E78T"
"Nopaveve Debipato", "000016-CQ8HMX-3EZA0K-0AQ3Q5-DQZ0KJ-MN56TJ-YY4KWF-R40BQ5-5CF2M4-B5E78T"
"Adigak Nalige", "000015-A05VM1-RBA05C-G04ERV-XA7J2T-M7NCMZ-W64KWF-R40BQ5-5CF2M4-B5E78T"
"Bopapumi Fidodum", "000014-1ZT6TD-DPT3HU-PHZ4AV-3DXGPC-71PCYU-3J4KWF-R40BQ5-5CF2M4-B5E78T"
"Okagam Dubefana", "000016-P921Z4-27H6Z3-JUQYCH-00GEX5-32MCDD-4Y4KWF-R40BQ5-5CF2M4-B5E78T"
"Savufege Eneputib", "000015-B5B5Z8-JXBBHA-4A3A6R-M9XXFR-27RVD8-TE4KWF-R40BQ5-5CF2M4-B5E78T"
"Girige Babuti", "000016-VY5Y6M-PMY9KC-QMYAAF-QEPENR-G8EXNP-NJ4KWF-R40BQ5-5CF2M4-B5E78T"
"Logesov Tekigeda", "000017-8ZMEVX-R2EDT1-5DP3G2-YN0ENF-KFXBAT-E24KWF-R40BQ5-5CF2M4-B5E78T"
"Fefato Lifula", "000016-3326XJ-4HFAR8-D7ZN64-0K76WP-E4P8J0-T64KWF-R40BQ5-5CF2M4-B5E78T"
"Egofoge Potuzenu", "000014-8JYX26-6NH57H-V8E7JN-ZRMBMF-6NW64W-4A4KWF-R40BQ5-5CF2M4-B5E78T"
"Lodapi Tonezel", "000016-DCW5XJ-HHNW8X-T56BDN-DT8WKZ-B1PYNG-QP4KWF-R40BQ5-5CF2M4-B5E78T"
"Pumide Tabibop", "000015-CKTX7Y-6Z5BKP-BXKWGJ-D34WYZ-CXH45P-2U4KWF-R40BQ5-5CF2M4-B5E78T"
"Omeser Rerunid", "000017-TPHFDW-G6B15Q-X5UM4G-4BCDM8-R3TVP9-FU4KWF-R40BQ5-5CF2M4-B5E78T"
"Bovemope Uvosuv", "000014-RJ3WUQ-4KE6E2-7WJ2BN-6T79NE-WHAHCV-BA4KWF-R40BQ5-5CF2M4-B5E78T"
"Erifiv Usilim", "000014-NGCB6N-EGCU5U-Z9PYCX-ZYNRBM-Q0TQHX-YGT73G-VV1P20-YZYAWB-BBHGGG"
"Lovafolo Gafapu", "000015-7WQPR3-6GDG2R-PWYMUH-9RQ8NQ-0EG462-G4T73G-VV1P20-YZYAWB-BBHGGG"
"Bigemaz Bizepuz", "000017-U2FQFW-ZA0DAV-X57VA0-GW55HW-KZRKU9-TWT73G-VV1P20-YZYAWB-BBHGGG"
"Sebado Melimit", "000017-280R8H-8DJHMB-D4HUFQ-Q7YYF1-87CZKJ-CMT73G-VV1P20-YZYAWB-BBHGGG"
"Fodazo Lazapeg", "000016-9VQ8N8-MMT96Q-VH1F3K-6EN2WF-RWDDR5-HMT73G-VV1P20-YZYAWB-BBHGGG"
"Nupaneg Vavilir", "000016-XJPAUG-EW5QQW-N8HJ0C-096MKX-FKMEYV-WRT73G-VV1P20-YZYAWB-BBHGGG"
"Sodelol Kezomov", "000014-0AU52B-YY95XU-KK672Y-05PNGX-N41RF8-7MT73G-VV1P20-YZYAWB-BBHGGG"
"Bonafafi Vetaga", "000017-UB7QEC-ZMZ0UT-H5TXWT-TGRZ15-V4Y1HY-E8T73G-VV1P20-YZYAWB-BBHGGG"
"Birafo Ogeborov", "000017-TJ7DZ4-6WX84P-BE7RUX-KNFNN0-QGCUTZ-YRT73G-VV1P20-YZYAWB-BBHGGG"
"Mababobi Lunibuvi", "000016-MA3W8G-UV8UBG-Q2AZYV-E1XFV6-RGYTHJ-M8T73G-VV1P20-YZYAWB-BBHGGG"
"Saruli Sobofo", "000015-YGR1FH-86270F-QRHM1X-HCBWYX-HFYWNB-7GT73G-VV1P20-YZYAWB-BBHGGG"
"Puvelalu Vakovub", "000017-DCVMTJ-5DN5AD-5UF3T3-3YPEE0-0H0KKR-GMT73G-VV1P20-YZYAWB-BBHGGG"
"Tefubani Nodibe", "000015-DW202H-5ZXWJ5-3YFD68-NYEV0T-QRR0Z3-0GT73G-VV1P20-YZYAWB-BBHGGG"
"Zitamo Ozovitug", "000016-ZXWTQ3-W6TK8B-4EV95R-FAT15E-CR9993-U0T73G-VV1P20-YZYAWB-BBHGGG"
"Dikukas Dukidaf", "000016-ERTHW5-9MVEW0-G8AXFG-VJTDEU-BXZ72U-7GT73G-VV1P20-YZYAWB-BBHGGG"
"Minagos Zaveke", "000017-3C0EAC-7VKE4T-37P0FM-5YTQ7D-N1TJ1K-N0T73G-VV1P20-YZYAWB-BBHGGG"
"Nomokobu Ovalik", "000015-AXH1V6-Q720PN-AKDKHW-WNQUG1-7NATNX-08T73G-VV1P20-YZYAWB-BBHGGG"
"Figola Sekele", "000016-YEMZJ4-7PFZUM-A7ZUBK-8FXJ0D-1VXTKG-4MZFTH-7G03U4-VXAHZ5-F2MYDF"
"Fenobi Uguporap", "000016-N609GW-DT5YMR-Z2NEBG-T8P58M-48DZ8V-GRZFTH-7G03U4-VXAHZ5-F2MYDF"
"Emaden Nolini", "000014-2YZ638-EV2K72-GUYCYY-JBMC53-YBVJNR-2MZFTH-7G03U4-VXAHZ5-F2MYDF"
"Ozitosi Akalavev", "000017-FRYQRG-XN1GQ8-T3M7KR-E84EG2-MQJH2P-WCZFTH-7G03U4-VXAHZ5-F2MYDF"
"Bezikega Akafop", "000015-DPZ6Q2-Y62CB5-YYMH18-R18P2B-X81JD4-84ZFTH-7G03U4-VXAHZ5-F2MYDF"
"Zozagoku Ravaraf", "000016-QX0DYY-ADC0FE-YJN1HW-1QVDRF-862W7U-BMZFTH-7G03U4-VXAHZ5-F2MYDF"
"Zorezi Egepos", "000017-A74Y0G-TK39C3-4MU3RN-1Q5U3P-YTTNF0-7RZFTH-7G03U4-VXAHZ5-F2MYDF"
"Gavulino Aguker", "000016-TTDNRW-VBDF9G-XWY3TR-CNDRKQ-7ZCRYJ-HWZFTH-7G03U4-VXAHZ5-F2MYDF"
"Pobeke Sadugu", "000015-J2K8PA-BQJ4YA-FRW143-A2NBMQ-K8NP32-DGZFTH-7G03U4-VXAHZ5-F2MYDF"
"Efebasin Safopumu", "000014-R8HD1K-PUYERQ-XN6PKB-J901EP-1WM0RX-K4ZFTH-7G03U4-VXAHZ5-F2MYDF"
"Ritesi Enofasi", "000014-YTUGB1-D9Y75V-5M9UHE-FKAWHK-269Y22-04ZFTH-7G03U4-VXAHZ5-F2MYDF"
"Donemap Nofomuke", "000014-56QPJY-E621NZ-XPB9QD-ZUWB2D-6BKDEU-Y8ZFTH-7G03U4-VXAHZ5-F2MYDF"
"Ofurese Vulumudu", "000017-0NABJH-QWA7UE-MHCGZU-K3TU6E-YAT65N-HGZFTH-7G03U4-VXAHZ5-F2MYDF"
"Mivebefa Bimuliz", "000014-X4BP8X-V63K4M-1BYBUA-XNG2P8-30F8A9-QCZFTH-7G03U4-VXAHZ5-F2MYDF"
"Gepikumi Zapofim", "000014-F84FUN-4BXEYG-28TRB1-TFQ216-75A271-MGZFTH-7G03U4-VXAHZ5-F2MYDF"
"Kopozag Avobifek", "000014-C12DFK-DX9WVX-U38AB4-FUCQPC-NYAWE3-B0ZFTH-7G03U4-VXAHZ5-F2MYDF"
"Zalufol Dibaba", "000017-T81MRX-D7YKHP-QAU6RK-ZEF5J5-VDJ80E-TGZFTH-7G03U4-VXAHZ5-F2MYDF"
"Voguta Kebome", "000016-EAT9N0-X5PY6C-VY8QJC-YNE6KP-YMUFDK-4URR3C-KPP121-EKBF4Q-RF1GVA"
"Ketapigo Dodunelu", "000017-VX6J9Q-WJJCYV-GHQN1P-054FD0-1VPZ7A-RYRR3C-KPP121-EKBF4Q-RF1GVA"
"Lomazu Zilekimu", "000015-GGVRUA-FFXA1R-R0BWA6-TVNZXD-FTMX1W-T6RR3C-KPP121-EKBF4Q-RF1GVA"
"Nupeko Lamisof", "000017-N7ZDAJ-40ZUZM-EN71TW-DHHZKA-914PFW-JYRR3C-KPP121-EKBF4Q-RF1GVA"
"Sagepov Noralak", "000014-NGZTVG-EUHTMJ-EWVN5B-NKV092-EYACZC-C2RR3C-KPP121-EKBF4Q-RF1GVA"
"Dizegu Famisa", "000016-WUG8U9-Z8Y6B1-4T8RVR-RCUXQN-Z13UHV-AURR3C-KPP121-EKBF4Q-RF1GVA"
"Oregazib Rakedag", "000015-3U9PFV-4E6Y21-PBMY1D-XA0ENJ-TFDCUH-E6RR3C-KPP121-EKBF4Q-RF1GVA"
"Sivene Leletaka", "000017-VC6FXJ-MHHUY4-R2B8KA-E2F741-TC2WHP-JURR3C-KPP121-EKBF4Q-RF1GVA"
"Daguku Epidil", "000017-NVAB3Q-Z8RNDX-B7KYND-DA6TRQ-9MER9E-5YRR3C-KPP121-EKBF4Q-RF1GVA"
"Kifupa Sateno", "000014-K1RB0R-1FAQB4-Z78M6W-5X7T7Y-ZCYEUA-MYRR3C-KPP121-EKBF4Q-RF1GVA"
"Ozuvedus Bibisoga", "000017-VT9U7N-6JE37E-AKDNWJ-CCV8JZ-W3F8UD-4PRR3C-KPP121-EKBF4Q-RF1GVA"
"Lebosase Teletobo", "000016-ZRPKU2-ZNHP95-M5TXQ9-BHQBQ3-A7K7DK-QJRR3C-KPP121-EKBF4Q-RF1GVA"
"Repana Liriri", "000015-6FY9WZ-E8JABM-TENZTT-9AG8KE-0WM5R1-8YRR3C-KPP121-EKBF4Q-RF1GVA"
"Govovik Poteles", "000016-UG6YGX-NPEXUY-1W49TZ-ZFXMG4-XC05ZC-FERR3C-KPP121-EKBF4Q-RF1GVA"
"Tafinag Nopopo", "000014-RDEMYT-BG8F7G-Z3ARMD-1GHNBB-ZAJ3XH-EERR3C-KPP121-EKBF4Q-RF1GVA"
"Emukuti Ulased", "000014-UCNMED-T98KNH-T7ZQUH-C5T8RT-1TPEQ9-3URR3C-KPP121-EKBF4Q-RF1GVA"
"Gobolore Epukad", "000014-NYGBJ9-89KYWF-WJQCX0-ZWKUZP-QGU114-72RR3C-KPP121-EKBF4Q-RF1GVA"
"Dadumaf Petozaro", "000014-8BMGPW-1BGXHZ-8ANHTT-JWYRZD-X6RVKK-C676UG-TN05B3-G25QX8-TCCJM7"
"Rofuvi Baporufa", "000017-607NGV-A0HM6K-5YBUBP-FJ83RT-AHKKPW-QJ76UG-TN05B3-G25QX8-TCCJM7"
"Tozatu Vipaduv", "000014-MP78CD-KTK43Y-FYUU36-48PGZD-H87HEK-NE76UG-TN05B3-G25QX8-TCCJM7"
"Kalobav Ebitozu", "000014-ZRMK3Z-E0N8GZ-UUHFMZ-W632VU-XJRB2X-X676UG-TN05B3-G25QX8-TCCJM7"
"Pitakon Umepuvon", "000017-WD3BPD-M3F8NT-HWJDX5-W88VRC-FFP2UB-V276UG-TN05B3-G25QX8-TCCJM7"
"Mazunus Udorul", "000017-3MRZ97-KYM892-T1UB22-93X0GK-GVVVHE-EA76UG-TN05B3-G25QX8-TCCJM7"
"Agemepo Epuvon", "000014-1BRBK1-FF6VTP-5BCQCC-RP9TWY-V03VEX-GY76UG-TN05B3-G25QX8-TCCJM7"
"Oderude Ruferig", "000014-XMZVQ8-2UQW7T-TQ1WDW-TWZNWY-K35N6E-CJ76UG-TN05B3-G25QX8-TCCJM7"
"Gidaga Vibonag", "000014-THZRFA-VY2876-QRAG71-N953DE-1CWPPE-A276UG-TN05B3-G25QX8-TCCJM7"
"Alasoz Arekepaf", "000016-9EQZMU-4CBJUV-RFPTP5-44WKXK-KMZU1F-UJ76UG-TN05B3-G25QX8-TCCJM7"
"Kanetano Unenik", "000017-G46XDY-G74RZJ-U27QH4-U2U8YV-V5CUFJ-KA76UG-TN05B3-G25QX8-TCCJM7"
"Gunoze Futatiz", "000017-0KZR34-P9RM94-GDFDHM-T70M0M-E8QMJU-7A76UG-TN05B3-G25QX8-TCCJM7"
"Vudivuv Gupanuma", "000015-KX7H7J-MK4HHQ-T5NN0Q-WZT1QR-AJV59U-TY76UG-TN05B3-G25QX8-TCCJM7"
"Nimamis Dufodif", "000014-GMRDBN-97KEZ5-6AKG46-69U31Y-V98VBD-VP76UG-TN05B3-G25QX8-TCCJM7"
"Nevuzag Surobo", "000014-XFTTVQ-RGE23H-04JNFQ-VWXE9B-2J5F34-PE76UG-TN05B3-G25QX8-TCCJM7"
"Negutup Osolagup", "000014-WP867G-6NG3NB-PP4Z73-QBPQYZ-C1FYB9-E676UG-TN05B3-G25QX8-TCCJM7"
"Mitaru Menolot", "000017-7FCFE5-69KFPP-BBTTTQ-V613J5-BEHT1P-6676UG-TN05B3-G25QX8-TCCJM7"
"Vatabit Tiguliz", "000017-X484RH-30FKMM-B114F9-C9WXHE-YEY7B5-UA01C8-0P30MA-7DZMK4-5MEM7D"
"Bolozal Zosudik", "000014-BQ8RDR-13XFAY-8B6Q2M-AF4G51-KZ0XJ1-7601C8-0P30MA-7DZMK4-5MEM7D"
"Kiranef Fasufoni", "000017-GT8PE4-291J47-3DRBJQ-DHZNQ3-A1ZJ85-P601C8-0P30MA-7DZMK4-5MEM7D"
"Riterub Basepo", "000014-V5CQRX-E59RBM-M92MDN-A3E19R-8Q03TG-VP01C8-0P30MA-7DZMK4-5MEM7D"
"Puposide Suzekur", "000017-1NVEG4-PZM7ER-TNRZA5-PM6U2R-EU7PC3-FP01C8-0P30MA-7DZMK4-5MEM7D"
"Vizunido Fozono", "000014-PNQBX9-4D2482-05553X-QQH0EY-VQ7WZX-2601C8-0P30MA-7DZMK4-5MEM7D"
"Fisunit Sodulegu", "000015-14M9TG-9X7597-WQY2RJ-W8JFJ9-WRTWJM-CP01C8-0P30MA-7DZMK4-5MEM7D"
"Lesopul Rosepe", "000015-ARQNVV-FWQHUQ-AG1Q4Z-N3HM3G-2U16Z8-ZA01C8-0P30MA-7DZMK4-5MEM7D"
"Tisilado Tenoson", "000014-DVMFUD-7N5D7F-2NV0FD-0QAN8D-ZVGE8Q-5J01C8-0P30MA-7DZMK4-5MEM7D"
"Vopeminu Nogara", "000014-XR52J4-3YFQJ7-C2NX31-FJVDPZ-9H06DG-J201C8-0P30MA-7DZMK4-5MEM7D"
"Uturom Alegor", "000014-U2JJ6P-Y0RV0R-ZMB772-X19W9X-3B9VBU-AP01C8-0P30MA-7DZMK4-5MEM7D"
"Zilelus Gunedigi", "000015-JQE30G-K7AP08-P2DUUW-RJ4JBY-QD220V-3Y01C8-0P30MA-7DZMK4-5MEM7D"
"Kerifar Kebano", "000017-VRCKRB-Y67CE0-39EJMC-ED6EW9-J0A9V3-0U01C8-0P30MA-7DZMK4-5MEM7D"
"Eropabe Evobomil", "000014-VNABN2-07MDBR-MC1KQ6-1GAF3K-HZEM8Y-CA01C8-0P30MA-7DZMK4-5MEM7D"
"Dofunil Banones", "000015-ANAQ6T-2V7J21-RD9RQH-WWNJU3-9XR7GR-9E01C8-0P30MA-7DZMK4-5MEM7D"
"Zatuta Nodabos", "000014-7FXXD9-6VWMTZ-NP4YB2-P84PX3-2GKRRJ-Q201C8-0P30MA-7DZMK4-5MEM7D"
"Ogonepor Tuvovor", "000016-JQ7WHB-GPVB0M-N3NWH4-UHQFXG-G2MXQ3-E5B0F9-P4WP9B-F940RG-95BB2G"
"Mozevuso Lanike", "000015-RRB704-E5MGFP-K452B6-9GZ4BN-MRR0CX-01B0F9-P4WP9B-F940RG-95BB2G"
"Tezini Sokozabo", "000016-UVRYAZ-DBQY3G-TH4DDR-U9HRCN-4HH3Q5-9NB0F9-P4WP9B-F940RG-95BB2G"
"Limuvo Vimumup", "000014-5RVK9M-APTGEM-PU5514-KD82AH-U1YZF7-MTB0F9-P4WP9B-F940RG-95BB2G"
"Zofunut Setokon", "000016-WN9ZGN-99VCQT-EWX254-WQJCYQ-Y94DZ5-AHB0F9-P4WP9B-F940RG-95BB2G"
"Zozosem Videralu", "000017-V3WY1R-T8QAX9-ZNY800-MB40MH-RM3H6Z-Q1B0F9-P4WP9B-F940RG-95BB2G"
"Losemi Ekuvosor", "000015-Z5ZATW-6MX0CN-5BJWYE-X47Z4R-2DDGEK-61B0F9-P4WP9B-F940RG-95BB2G"
"Nalapu Pasili", "000014-R7EKE5-BGZM9A-EYKJGP-7N3N3M-H4UGGQ-V9B0F9-P4WP9B-F940RG-95BB2G"
"Nubarut Vilefumi", "000017-CG7K7U-F21NFB-HG1YXQ-46C8UY-R09PYA-YNB0F9-P4WP9B-F940RG-95BB2G"
"Ugasos Atisinu", "000014-8P9A3N-GV5TB8-V5YRUH-9G374K-U1WVBT-1NB0F9-P4WP9B-F940RG-95BB2G"
"Opanol Tebati", "000015-7NW6VV-V4NBQ1-ZVB80D-WJYR60-RM7HNA-0NB0F9-P4WP9B-F940RG-95BB2G"
"Asasez Bilevodi", "000016-BRZ5XJ-Y75M26-VNZV10-UXUX4V-XR3VDY-ZHB0F9-P4WP9B-F940RG-95BB2G"
"Goluveku Lizopel", "000014-4RC0Y9-CQ3QWW-1C8U27-8GU14X-98W46X-R5B0F9-P4WP9B-F940RG-95BB2G"
"Buzomep Pipoput", "000015-TYBXU2-Y9BWC4-3NT16P-VRRFDK-C2V5QV-HNB0F9-P4WP9B-F940RG-95BB2G"
"Everezad Oguzola", "000015-H74GYT-9C8AAH-WD2XJJ-WFW8U1-5FY416-MXB0F9-P4WP9B-F940RG-95BB2G"
"Bafirem Lirako", "000017-WA2M1H-50M6QA-MXDP8U-J835K0-EV092B-M9B0F9-P4WP9B-F940RG-95BB2G"
"Zezumita Bubibel", "000015-F227W5-QATVWM-Y88GZY-9W46DH-0CUV8B-N9B0F9-P4WP9B-F940RG-95BB2G"
"Adifivil Sibuten", "000017-8WTAR0-7JB28D-5E23D9-KW27ZP-DUKB30-4FWMX8-JFHRAE-XYAKWZ-X5PACG"
"Remimi Sukapulo", "000016-Y681H5-R4JYT0-NTMBK0-DB3ZD9-VHNY7D-P7WMX8-JFHRAE-XYAKWZ-X5PACG"
"Tadazi Pazutok", "000016-XTHHFP-CN60B5-VJ86PD-GT0F6R-W0K186-6BWMX8-JFHRAE-XYAKWZ-X5PACG"
"Segibe Lamaburo", "000017-0X5E14-K0DDBQ-MXNX78-FWT5GU-A9TTF0-GBWMX8-JFHRAE-XYAKWZ-X5PACG"
"Abuzeto Zesomegu", "000015-25UPEX-HRER3Q-ZA103C-43GGJR-7W4761-BBWMX8-JFHRAE-XYAKWZ-X5PACG"
"Vaguvi Gusumigo", "000017-E0GBYP-UGPPF3-9XGBZT-N5FFNW-8H9FBB-P7WMX8-JFHRAE-XYAKWZ-X5PACG"
"Tudile Guzifo", "000016-RBUXB3-ZJFMMD-R3BYD7-A93VQX-0R3Z5Y-Y7WMX8-JFHRAE-XYAKWZ-X5PACG"
"Videfip Teputuro", "000016-AEZEAC-Z3QUR9-0838F0-4U3RH2-P7T51Q-BVWMX8-JFHRAE-XYAKWZ-X5PACG"
"Lofolit Sizetoku", "000017-UPHHMV-Y9AFGF-VEHY3D-23T8C0-3F3WVX-93WMX8-JFHRAE-XYAKWZ-X5PACG"
"Epabutel Udapepeg", "000015-Z5V7U2-5554FC-35FTXA-A24F1V-T50G35-XFWMX8-JFHRAE-XYAKWZ-X5PACG"
"Kaderik Uregiga", "000016-R4K5CV-1ZQY9G-J4TM8Z-RK2CE8-K01ZCM-H7WMX8-JFHRAE-XYAKWZ-X5PACG"
"Kinobed Esekavav", "000017-EJGP9K-E5RXHT-EF1N7B-5HGBQE-FNN062-H3WMX8-JFHRAE-XYAKWZ-X5PACG"
"Poluma Ekorisu", "000014-VRFPD2-5QNXWJ-TYJGRU-9WYYWU-UMMJPG-MBWMX8-JFHRAE-XYAKWZ-X5PACG"
"Tifudazu Nitusa", "000016-8VW5N0-C227ND-YABB00-54DZ2E-ACC4KU-7KWMX8-JFHRAE-XYAKWZ-X5PACG"
"Dubegu Zafekin", "000014-TH42AB-CF73WB-JE5W4C-FPXQVF-ZU020Z-H7WMX8-JFHRAE-XYAKWZ-X5PACG"
"Relega Zedokeki", "000015-5V2Y0C-M67Z0E-A2RF2B-02G5BZ-XH2CXJ-CQWMX8-JFHRAE-XYAKWZ-X5PACG"
"Vokipu Bavadi", "000014-AEZZ86-XM4C9D-NA7VDE-MJQ543-MZWGZ9-RFWMX8-JFHRAE-XYAKWZ-X5PACG"
"Verozub Neseziro", "000016-GB2VXJ-48HMN2-6QRN3J-V09BPW-0KG6YG-YB07YQ-JWU00P-B2TUWY-EC98M7"
"Kovinu Uzofefof", "000014-KBC321-RV7JFC-4387XQ-T5PY6P-FHQUC9-UK07YQ-JWU00P-B2TUWY-EC98M7"
"Olilodu Sanosi", "000017-DJ6D1B-CMRMEF-0PANEG-NE5MPZ-A3HQ6K-YQ07YQ-JWU00P-B2TUWY-EC98M7"
"Dunadova Evafuvef", "000015-PC7ZFA-ZQ1XJ6-EX6MPY-YGGBYF-YCD9GE-TB07YQ-JWU00P-B2TUWY-EC98M7"
"Enaparu Lulikib", "000014-QHDGRB-W63NNB-FJZQJG-AGHM50-VT2Y4Q-CB07YQ-JWU00P-B2TUWY-EC98M7"
"Busakasu Korebu", "000015-31UJ9U-YVFB7H-AYMQCU-EBK8FW-7CW6D2-HF07YQ-JWU00P-B2TUWY-EC98M7"
"Duralo Unonara", "000016-7T5YDA-PEH8RY-NQTV4R-M6G0TR-2BGXXB-0307YQ-JWU00P-B2TUWY-EC98M7"
"Timavame Ripanub", "000017-A9RZU4-YKRW8D-619P61-DC8RY4-V869U7-AQ07YQ-JWU00P-B2TUWY-EC98M7"
"Enepame Zekonugo", "000017-TJAF55-VVD3DX-C8KBPC-UKDRZF-6CQ5E2-6V07YQ-JWU00P-B2TUWY-EC98M7"
"Amutezer Raminug", "000015-QMQBM8-Z25EEF-Z745AU-VPD467-00ZAPD-EF07YQ-JWU00P-B2TUWY-EC98M7"
"Luvudap Bepale", "000014-GFE2XP-30VKG1-BYQ59F-MMZ8N3-085WE9-2F07YQ-JWU00P-B2TUWY-EC98M7"
"Tizazam Vamipa", "000016-74CN9H-BR27X9-F29TKJ-6FZ0XY-QZXPAF-J307YQ-JWU00P-B2TUWY-EC98M7"
"Bugezula Firifu", "000014-1GABMT-6XY02M-QJRWZR-6R5WY8-9BTFPY-5V07YQ-JWU00P-B2TUWY-EC98M7"
"Bezutin Botabik", "000016-K04D13-FGPCJZ-BTUVW7-N0VJHH-GPANMC-4707YQ-JWU00P-B2TUWY-EC98M7"
"Gukala Ludifip", "000014-05R33C-E5DKEC-0NH0NH-9Y2THV-F9N8ZM-5Q07YQ-JWU00P-B2TUWY-EC98M7"
"Bokanud Ebodif", "000016-YU6798-XQQYXX-H99A5C-Q3JZA6-NN5KKM-HK07YQ-JWU00P-B2TUWY-EC98M7"
"Merebi Etubimo", "000016-UPUX88-4J2067-V1782J-0Q96C6-3MCGMJ-QB07YQ-JWU00P-B2TUWY-EC98M7"
"Fipemi Ulafereb", "000016-U2TG00-Q5JE7Q-2RTGJW-ED22B8-BCNE46-M1CM2H-9CXPE1-TPY5E6-C0YA04"
"Asogoken Vokazifo", "000014-K4U9ZH-J9Z6CP-M2CDHR-K63F5Z-U2M8T5-DDCM2H-9CXPE1-TPY5E6-C0YA04"
"Badobeba Vafenaz", "000014-Q2KDD9-M6X51R-NXGNZ5-T01RUR-G53ZWX-UDCM2H-9CXPE1-TPY5E6-C0YA04"
"Dimoziko Buzulazu", "000014-APNNK9-R8HXT2-8U1YZ8-J6VXCM-KX7DWP-UNCM2H-9CXPE1-TPY5E6-C0YA04"
"Sodasof Zigirav", "000015-FD2096-WAPGNM-BPD5X3-2643VT-EBHZBN-85CM2H-9CXPE1-TPY5E6-C0YA04"
"Aguliged Nurovaku", "000014-MV30YV-DVDHHP-XP3HGM-35GTFA-YE6T5B-PDCM2H-9CXPE1-TPY5E6-C0YA04"
"Epalek Mufemumo", "000015-R9ZPTC-NYXZ2C-Z7NQ1G-F6JD6X-MFFBT0-3DCM2H-9CXPE1-TPY5E6-C0YA04"
"Lapasuda Kinodize", "000015-Q217ME-2EDU4P-X745U0-5JGTQE-79KNCP-B1CM2H-9CXPE1-TPY5E6-C0YA04"
"Robikupo Gobopizi", "000014-QFNVHK-HAET4C-YGU08Y-NXP27U-HH2YZT-EDCM2H-9CXPE1-TPY5E6-C0YA04"
"Puzogis Unurad", "000016-A0PHJX-B1Z37W-Q0EQ20-DV38MR-KT2YK8-XDCM2H-9CXPE1-TPY5E6-C0YA04"
"Abumaral Bitotune", "000016-0B4E5B-H54GAW-XRC3EC-ZKRZM6-ERJ8BR-3DCM2H-9CXPE1-TPY5E6-C0YA04"
"Binola Fomefovu", "000017-5XX2VA-D7AEEM-2GR98W-RPPNC3-M6DB18-4NCM2H-9CXPE1-TPY5E6-C0YA04"
"Rikuta Bazifik", "000017-5EV32C-9V7ZGB-7GBDHV-KYKDP0-7AUVUK-NXCM2H-9CXPE1-TPY5E6-C0YA04"
"Zopobebe Zibofi", "000015-NZD5G1-AWN6PF-7GPDMP-90PDEV-DNT51G-MNCM2H-9CXPE1-TPY5E6-C0YA04"
"Asoguki Devide", "000015-AT5T4T-6F9K6E-GY4332-NJB5P0-Y7QPPU-ZHCM2H-9CXPE1-TPY5E6-C0YA04"
"Otekev Tivepite", "000015-PUEH57-J8F5HD-X5HRX0-7E0NY1-EA2EHJ-MNCM2H-9CXPE1-TPY5E6-C0YA04"
"Erekugi Vumulefu", "000017-9EYCYT-JP3U3R-VC613M-CMY9DE-T29KVN-HHCM2H-9CXPE1-TPY5E6-C0YA04"
"Tegumob Felana", "000017-CC1A6C-NY9CFJ-PBHDRZ-UBWDVZ-DPD6ZR-GNV6U4-2ARWJH-4XYZ6E-BV2MRD"
"Ogapona Zekagi", "000014-T74C7N-Q94GCR-3FCZ1E-6TZ8X2-0Q9W38-Y9V6U4-2ARWJH-4XYZ6E-BV2MRD"
"Enelifu Tinane", "000016-6AHJE7-GGFTT1-38P54A-N0A7JV-E9EGXK-NTV6U4-2ARWJH-4XYZ6E-BV2MRD"
"Refepamo Abopevam", "000016-W5PFDN-HD1WZC-Z9ZZKJ-VZZ6X3-Q4U01Q-45V6U4-2ARWJH-4XYZ6E-BV2MRD"
"Dolemi Pofuto", "000015-RC1KVW-U4A94G-9542DA-HRFF4H-ARU162-HXV6U4-2ARWJH-4XYZ6E-BV2MRD"
"Vufokepe Tuzoke", "000016-EDWJEP-84QJ68-A7EEDG-FX8NJ7-32NGR0-GDV6U4-2ARWJH-4XYZ6E-BV2MRD"
"Dedepero Napivif", "000015-VFEVZ8-DKZ0NF-VD624B-CC7RZM-ERPJY5-81V6U4-2ARWJH-4XYZ6E-BV2MRD"
"Lebisiki Zoratul", "000016-EPMNNK-94E0QU-279HVC-B165RB-3U7Y7Q-R5V6U4-2ARWJH-4XYZ6E-BV2MRD"
"Bepetepo Fumamib", "000015-YMRK6C-0MX9D0-UQ1W1W-3BKANN-VFPNPW-3TV6U4-2ARWJH-4XYZ6E-BV2MRD"
"Vizitu Neroladi", "000016-TP4FHT-ZRZR8A-3D0J6T-ADQUGW-UX7CAQ-1TV6U4-2ARWJH-4XYZ6E-BV2MRD"
"Utunelo Onozaros", "000016-WVN0R5-8DQQJH-1TCYY9-D04GMA-P1T7E4-XTV6U4-2ARWJH-4XYZ6E-BV2MRD"
"Ekomasa Unatubo", "000015-7AE31H-VCCENM-CWG9XA-KFXK2V-HZKX12-JDV6U4-2ARWJH-4XYZ6E-BV2MRD"
"Setefelo Ovinatu", "000017-0234WH-EH7NMQ-8K9U6N-HJJAGW-V5VDA1-VTV6U4-2ARWJH-4XYZ6E-BV2MRD"
"Daganugu Edovadet", "000014-HEM0DY-FR2WB7-KBXF2E-VUZ0HV-JEGZX6-19V6U4-2ARWJH-4XYZ6E-BV2MRD"
"Vedurat Retesin", "000015-X2MG9V-6ZTAVV-Y6AT29-Z1A11B-PMVJB3-JHV6U4-2ARWJH-4XYZ6E-BV2MRD"
"Udibubol Dizibima", "000015-EHTX28-53HDCN-854X8C-Z76W2E-8XZVFJ-G1V6U4-2ARWJH-4XYZ6E-BV2MRD"
"Katafega Vavifub", "000015-109AF9-YJ0RVF-F4N01R-GYGRUW-ZCR8GG-DHV6U4-2ARWJH-4XYZ6E-BV2MRD"
"Esorem Pukaneba", "000014-VK84TG-UJT1JW-RXN9NZ-263WW9-95G1XF-0XHZG5-MFTRF4-18VKD0-CCPBBW"
"Dazefa Suvadef", "000015-BFZ0P0-29HKXU-A9CBTU-WF1QHK-MZPPB1-J1HZG5-MFTRF4-18VKD0-CCPBBW"
"Kuviso Osuvem", "000017-0CEYNW-4APCW5-XHJV1G-QQ7KUY-GZGUK9-E5HZG5-MFTRF4-18VKD0-CCPBBW"
"Pivumida Dutamefi", "000014-4KYCWK-VKJKMK-4E2MEJ-B1E92C-0PHYEM-K9HZG5-MFTRF4-18VKD0-CCPBBW"
"Marima Fedagibe", "000014-UPF1B4-A2FHMQ-CKRBPD-Y93AE7-AAVFH0-NNHZG5-MFTRF4-18VKD0-CCPBBW"
"Fadovuvi Ekakizib", "000016-Z1TE6M-HK9GX9-MW87Q4-M77Q4V-ZBM70Y-BTHZG5-MFTRF4-18VKD0-CCPBBW"
"Sigonu Resinopa", "000016-5Q4EY3-FXNW9E-50N0CK-B3V21R-UMGE9Z-HDHZG5-MFTRF4-18VKD0-CCPBBW"
"Asefar Kubuge", "000017-T6F57D-XNH3K2-2ZMK6P-7YXV7J-X7EN50-0THZG5-MFTRF4-18VKD0-CCPBBW"
"Zazeruke Goziduni", "000015-FXWPVE-6HFZTH-06RWW9-7YGP6J-D2U7CB-4DHZG5-MFTRF4-18VKD0-CCPBBW"
"Turipu Edisez", "000014-WU1KA0-UHN1TU-NJGQJT-VU9GJ3-RF2RH2-QNHZG5-MFTRF4-18VKD0-CCPBBW"
"Ozuzimaf Vafave", "000014-ZRTM4K-DRHEU6-XZAJDC-CJ1VK4-3MHE9J-8DHZG5-MFTRF4-18VKD0-CCPBBW"
"Segomup Kesotagu", "000014-VN71B3-Y7AVTJ-W2EZFB-ZYV2T8-JKBZ93-YTHZG5-MFTRF4-18VKD0-CCPBBW"
"Besazik Totoka", "000015-0RFPU9-XV48BD-AR6XZE-KGKDKP-EKM4E2-V1HZG5-MFTRF4-18VKD0-CCPBBW"
"Difibav Ozesofik", "000016-PD8YMF-39QD37-13FHP4-WX34BQ-GEUTMA-DXHZG5-MFTRF4-18VKD0-CCPBBW"
"Sivogi Pazelezi", "000017-VTWJEM-4YAJ6E-UCYJ3Z-N2TZDZ-NXTG03-VHHZG5-MFTRF4-18VKD0-CCPBBW"
"Tonimesa Sopenul", "000017-RCV237-NRNQ27-1H26KR-JXGW06-Q7PTXH-HDHZG5-MFTRF4-18VKD0-CCPBBW"
"Edilan Kazobuka", "000017-26DMK4-4MP8P5-RBFC5W-D0AKXZ-BTKF3R-38BHTB-2CMWPA-ZH6RZU-04PUX3"
"Rivibi Enupareb", "000014-MN1RQ7-GF1FCW-TZYXC6-YTP8ZP-XBNXV7-J4BHTB-2CMWPA-ZH6RZU-04PUX3"
"Bonesog Voburiza", "000016-MGJQQV-HWVUYB-HMJV3B-7F084D-3MUHQB-4CBHTB-2CMWPA-ZH6RZU-04PUX3"
"Ufepas Zovise", "000017-7DYJRC-AF300B-996J97-2HC9YJ-8QBQE9-HRBHTB-2CMWPA-ZH6RZU-04PUX3"
"Getepo Pedebi", "000014-ZX37BZ-MCE2DT-BBE03D-T4H0FT-FP4QX5-XRBHTB-2CMWPA-ZH6RZU-04PUX3"
"Nakevel Kuzelabo", "000015-5NAANC-7EKZVA-RXPZ2R-MZ268R-40KE3Z-TCBHTB-2CMWPA-ZH6RZU-04PUX3"
"Nolinefa Ratevu", "000016-ZAYPK8-GVAQDK-VK5K01-3QRTAH-WT570B-30BHTB-2CMWPA-ZH6RZU-04PUX3"
"Asepeta Nofiked", "000014-XNYVK6-B6RBDR-4BWCCG-Z1GCRG-CXBB14-HMBHTB-2CMWPA-ZH6RZU-04PUX3"
"Ubogib Medoruko", "000017-9XD4G8-A863HZ-R9V35V-393CA0-UWY85U-8GBHTB-2CMWPA-ZH6RZU-04PUX3"
"Erekive Dagamu", "000017-JHM6QK-FEWK3H-2DCFZV-W150FZ-9Y2J0J-N0BHTB-2CMWPA-ZH6RZU-04PUX3"
"Bozizivo Pagisem", "000014-3GF89Z-2DCCK1-TT2GMK-QEGCTW-XPAHD3-FCBHTB-2CMWPA-ZH6RZU-04PUX3"
"Fuzipeza Akupam", "000017-QQ4A5F-9TWU0X-33J7T4-4KTR3Z-AFUN94-Q8BHTB-2CMWPA-ZH6RZU-04PUX3"
"Oputop Gabido", "000017-FNVAU7-5ZYF00-JYU1U6-NCM2XD-NK0H0K-RGBHTB-2CMWPA-ZH6RZU-04PUX3"
"Noseke Fogoso", "000014-KPVTUU-69ERMT-Q57TAT-BHB0KX-E9868D-DCBHTB-2CMWPA-ZH6RZU-04PUX3"
"Nilamabo Pupara", "000016-HMZPR7-TPX7UC-QTPP7T-C5286V-6MWAVG-0WBHTB-2CMWPA-ZH6RZU-04PUX3"
"Dibugop Zuvefup", "000016-YR5CYV-PRBK0Q-N4W7K0-96QD4B-86FFRR-HGBHTB-2CMWPA-ZH6RZU-04PUX3"
"Akuren Zuzolumi", "000014-G4JGTJ-5T5UXU-6WJKX1-81VJVD-0ZT3WP-64BHTB-2CMWPA-ZH6RZU-04PUX3"
"Pavebako Zagudo", "000016-TW1J91-RJEC5A-9FAAT7-K7HJTC-29TYK6-7WV79P-3B9QQB-RTWJND-KJG0TJ"
"Muliso Guruves", "000015-RNMAN8-GR60U3-APURNU-7QH67V-7K2VUQ-8MV79P-3B9QQB-RTWJND-KJG0TJ"
"Zatokef Nidulipe", "000017-EE6M3Y-JKX3VE-7HZHJU-WU0GC8-TRYPCT-FCV79P-3B9QQB-RTWJND-KJG0TJ"
"Usovubid Pokoforo", "000016-0NK9B1-U6B6GN-G7QTNH-NEV8DE-40F081-D0V79P-3B9QQB-RTWJND-KJG0TJ"
"Odokesez Bivusi", "000014-62ADV2-ADC2N8-BTMVYP-PU8VPJ-UYBF4M-40V79P-3B9QQB-RTWJND-KJG0TJ"
"Geselima Zuzukepi", "000016-VCH7ND-H0V11X-P9X60H-FURH2F-ZZ8ZP3-Y8V79P-3B9QQB-RTWJND-KJG0TJ"
"Asizukes Aguzetav", "000015-WVN1M2-MKNDN8-ZUU198-XA32CA-MBB2F1-4GV79P-3B9QQB-RTWJND-KJG0TJ"
"Asebed Ravikizi", "000017-RB5MU2-E8FPPX-MZP0FZ-2NMJ1H-515CE7-Y8V79P-3B9QQB-RTWJND-KJG0TJ"
"Tareso Afenini", "000017-2CX0WX-7ZPNEJ-BDF09W-9WYQBZ-Z8EH83-9RV79P-3B9QQB-RTWJND-KJG0TJ"
"Mipofo Gabezeg", "000016-3V1J97-FZFN89-1JQTDP-B4AWHY-U819A8-58V79P-3B9QQB-RTWJND-KJG0TJ"
"Pemuvevu Lurube", "000015-NAAKJ7-H0N6FG-731HZ6-VZUB8J-MX5FRQ-T0V79P-3B9QQB-RTWJND-KJG0TJ"
"Sesutam Emigav", "000016-2P82TR-095Z52-RTQ5X1-8G1ZGM-NG2WBH-XMV79P-3B9QQB-RTWJND-KJG0TJ"
"Ubeviz Zusefil", "000017-417XCQ-3P62C7-MBN91Z-JQKFDX-CXTXAZ-F4V79P-3B9QQB-RTWJND-KJG0TJ"
"Votonate Zirazite", "000017-JZN6PU-6DJRH8-KF2FQP-QR6K5M-U92PF1-JWV79P-3B9QQB-RTWJND-KJG0TJ"
"Dabugam Bulabof", "000014-NKRRUP-UT7QJP-ZZHB22-CVBPVH-0WTR90-3GV79P-3B9QQB-RTWJND-KJG0TJ"
"Amafuv Ugudusat", "000015-9Q1433-P4Q5MG-TKMYQK-6BPY1N-JYH1ND-PRV79P-3B9QQB-RTWJND-KJG0TJ"
"Boteted Retona", "000017-R7YRC5-QR9B38-8GYTGN-7CRKF3-D5J7GH-7MV79P-3B9QQB-RTWJND-KJG0TJ"
"Vanitud Agamif", "000017-H4JW5Z-Y49NBG-3VZ4CK-77VY2K-837PVV-N3J1DB-8M7WW9-9E0H2Q-4PHQE9"
"Parokof Gepitupe", "000016-4REHW4-CZTFWA-ZKN4MN-8UMR5U-3DENQN-8QJ1DB-8M7WW9-9E0H2Q-4PHQE9"
"Kivavaf Okovit", "000017-0HFPNK-Y1TRUK-E8CA16-38GCR3-FZ6WM6-1KJ1DB-8M7WW9-9E0H2Q-4PHQE9"
"Lenomis Utavutev", "000014-Z379WK-FKD1DK-UNJYEG-AFFQ8N-734KTR-K7J1DB-8M7WW9-9E0H2Q-4PHQE9"
"Gokagin Lozipo", "000015-ZYQGE8-XKDFHC-73CYJD-33N5QK-NZRTXT-CVJ1DB-8M7WW9-9E0H2Q-4PHQE9"
"Bagekek Nekado", "000014-X8DYQK-TU1KN1-1NA98M-06PPEA-X5T6VU-TFJ1DB-8M7WW9-9E0H2Q-4PHQE9"
"Pabobani Kidoloku", "000016-BED53F-Y6TQKJ-VYRX4U-VZPPBB-YY4NZP-BBJ1DB-8M7WW9-9E0H2Q-4PHQE9"
"Fonofo Vavozil", "000014-Z7QZTK-4JV690-3ACV9U-6UT1ZG-88AW2K-VBJ1DB-8M7WW9-9E0H2Q-4PHQE9"
"Dozurik Ramipamo", "000015-3HNUGX-T43UZK-H780FQ-W36AJ2-RRGFCJ-JFJ1DB-8M7WW9-9E0H2Q-4PHQE9"
"Sogenuga Gukapopa", "000016-66XX1K-CB9UAG-49WFNP-1X8A88-UKCVD0-RZJ1DB-8M7WW9-9E0H2Q-4PHQE9"
"Vasipoma Zusizor", "000015-XZNH65-3YU31A-AURY1V-3T5B2M-J31HF2-YQJ1DB-8M7WW9-9E0H2Q-4PHQE9"
"Damonof Tuzuvade", "000015-UR2CJD-E3HJUV-FAJ9HK-6GB2R7-A52K6Y-JFJ1DB-8M7WW9-9E0H2Q-4PHQE9"
"Zaluzolu Vapudi", "000014-BUWMKH-FM1QT1-GT0494-UD2CC3-A441E5-MFJ1DB-8M7WW9-9E0H2Q-4PHQE9"
"Esalida Emupama", "000017-6JFB7E-Q0DRDY-TQ9DJN-1RM9G3-G04Y2D-HFJ1DB-8M7WW9-9E0H2Q-4PHQE9"
"Senulet Uzudeg", "000014-KD45JJ-9ZP9QE-DZTDPZ-B2FVM4-CGB7CM-AVJ1DB-8M7WW9-9E0H2Q-4PHQE9"
"Favurugi Zavegiki", "000015-CEJ971-94PF27-YAYNXY-MFV1D2-1W2JJA-0QJ1DB-8M7WW9-9E0H2Q-4PHQE9"
"Ogiref Ararokat", "000015-5EH3MG-ABF6BC-J3MW08-6PJRTK-G5HE5Y-UQJ1DB-8M7WW9-9E0H2Q-4PHQE9"
"Rukilu Agobuki", "000016-EGVJJP-RKN44B-GM0Q0X-QUPMVK-B77FZE-2FJ1DB-8M7WW9-9E0H2Q-4PHQE9"
"Ravarul Emilub", "000015-0MTGQ3-861GKH-ADBCCH-WT1Y9U-HK9W5T-69BVW4-AA06F3-QE9QJ4-4ZBCBK"
"Vimuna Resuke", "000014-XZHJ0M-XAW5ZZ-6R47Q3-YQR4GB-7GJUFH-YXBVW4-AA06F3-QE9QJ4-4ZBCBK"
"Pofuki Dilezel", "000015-H0C198-QWZ3YE-Z1G31K-K0BTHE-WPXHYW-3TBVW4-AA06F3-QE9QJ4-4ZBCBK"
"Romosik Basato", "000017-K1ZVYV-23DP2D-HYXYY8-JDRGFV-35DYJK-3DBVW4-AA06F3-QE9QJ4-4ZBCBK"
"Ofanuni Lopimatu", "000014-1TTVHU-XERXBC-739HRK-CF30EK-KF0P56-89BVW4-AA06F3-QE9QJ4-4ZBCBK"
"Zivilod Vifutesi", "000014-C4N8BE-3ZT1B8-VCCCQN-46M5FR-GGT5WB-H9BVW4-AA06F3-QE9QJ4-4ZBCBK"
"Orosasi Ezurumu", "000016-YU2ZJR-D4MJM5-Y6X05A-QXAG6C-XYC4MF-THBVW4-AA06F3-QE9QJ4-4ZBCBK"
"Udipitek Kusegeno", "000015-0TQ7RM-932B6R-ZEW47K-3DJHZN-7UA76A-15BVW4-AA06F3-QE9QJ4-4ZBCBK"
"Gifugira Opumade", "000015-DXA5GP-RCCQ1F-6XK9NZ-5ACJKH-R40PDA-Z5BVW4-AA06F3-QE9QJ4-4ZBCBK"
"Matogubo Mebuku", "000014-R34GGZ-4ETR53-CHVXGE-5M8YUP-K3D90Q-7DBVW4-AA06F3-QE9QJ4-4ZBCBK"
"Serutone Ebenote", "000016-N4V9UX-AM5P6H-BCEM2C-JE3XBC-9DVMFN-K5BVW4-AA06F3-QE9QJ4-4ZBCBK"
"Vapifuro Risikiku", "000015-ZCKKFR-P1ZNJE-T1Z9BK-316T5J-28MDUW-VXBVW4-AA06F3-QE9QJ4-4ZBCBK"
"Ovovav Nofome", "000016-4QUE5H-K8X436-ZBBT82-7501DD-1QVNZ3-K1BVW4-AA06F3-QE9QJ4-4ZBCBK"
"Sodegevu Azipal", "000017-892XKR-MVK8UM-RHP9HP-4FKV8V-RGJZHV-WDBVW4-AA06F3-QE9QJ4-4ZBCBK"
"Atuzaf Uzakupi", "000016-ARTEK2-Y2VYQW-1U2UXU-6P833R-3JMG3T-V5BVW4-AA06F3-QE9QJ4-4ZBCBK"
"Apabunab Nugesu", "000016-PBFJYP-BX54YK-K2K800-DE06C6-J91HAY-69BVW4-AA06F3-QE9QJ4-4ZBCBK"
"Elubabig Elogezed", "000016-8T5WX3-DBRWW3-JE9KE0-81CKZ9-R1H13P-JKTD3V-0J4Y63-YWX6UW-C4AMUU"
"Nenodu Subeto", "000017-25CGXU-KT4U0C-5H5NZH-XQCGKW-AWUAC5-8ZTD3V-0J4Y63-YWX6UW-C4AMUU"
"Bevofo Fufere", "000016-22UUUW-QHXVU8-D887YQ-386E1D-AFH6WR-7BTD3V-0J4Y63-YWX6UW-C4AMUU"
"Nirulum Zolide", "000015-6XRJ8C-ZE93TQ-57QJH6-R9J5ZT-XH7BRB-EFTD3V-0J4Y63-YWX6UW-C4AMUU"
"Etapep Zofirim", "000016-JXV34M-WHQHP1-TFQ6Z6-T00M1Y-Q5UAEU-WQTD3V-0J4Y63-YWX6UW-C4AMUU"
"Logarenu Zugezeg", "000015-HA0F2Y-4HTRD3-TMJ965-JPPGB8-0XHR5D-KKTD3V-0J4Y63-YWX6UW-C4AMUU"
"Nefesa Futodot", "000014-ZZN5C5-2DFHR8-BQ76HQ-J5GV13-2N36R8-KFTD3V-0J4Y63-YWX6UW-C4AMUU"
"Gofonup Kesutave", "000015-VQU7FM-HUAYAU-KP3WEB-JE0F6H-Q4BVM1-AZTD3V-0J4Y63-YWX6UW-C4AMUU"
"Konokuku Fakema", "000016-AVBC35-BT0J8Z-HTRU7M-0UA4PY-E1QF12-NFTD3V-0J4Y63-YWX6UW-C4AMUU"
"Ravaziko Sefaruzu", "000016-9X5JPM-E23D7Q-K1K50Q-Q5MDKR-60KR5H-PQTD3V-0J4Y63-YWX6UW-C4AMUU"
"Ulevubu Tumofune", "000014-DWFZN4-2WGBNR-W3FPBF-WK7U74-RHZBTH-37TD3V-0J4Y63-YWX6UW-C4AMUU"
"Bipumi Amuvelor", "000015-E16R3T-DJWN22-Y8V3RP-9RUW5E-YV3TRY-RKTD3V-0J4Y63-YWX6UW-C4AMUU"
"Zurale Dasate", "000014-ZVVJ8K-94ZNK9-7FZZ1Z-3H6ZBN-YR7GPH-73TD3V-0J4Y63-YWX6UW-C4AMUU"
"Rizaro Femelute", "000015-7JAKGN-5BENZ9-N7H5F7-F4Z2F9-RDMTRN-17TD3V-0J4Y63-YWX6UW-C4AMUU"
"Zumunasa Ovukidig", "000016-DHR2W8-79XDXW-7NJ3CQ-P11MX8-GPN8PH-GFTD3V-0J4Y63-YWX6UW-C4AMUU"
"Legemeg Rodobubo", "000015-E8V0J5-1KX3J0-G96VNW-0NG7EF-UKEEF8-VBTD3V-0J4Y63-YWX6UW-C4AMUU"
"Gitevi Katoka", "000014-VM9HX0-K2GUB4-RJ9UUJ-P7V245-GEZADX-Y3TD3V-0J4Y63-YWX6UW-C4AMUU"
"Ziloguba Zugika", "000017-0DCVYV-ZNXH2F-Z67TYT-PYHE5E-RFW5VF-F3TD3V-0J4Y63-YWX6UW-C4AMUU"
"Fepopu Onukuk", "000017-UHH044-B7KD0J-0ZHYAH-ZXA5NX-6UA97W-0FE5VT-QW3NA5-C8D10V-NA0DQT"
"Emutegid Upetobi", "000014-CF3URM-GA2PRA-11VE8M-VA423Z-KAN6DT-KFE5VT-QW3NA5-C8D10V-NA0DQT"
"Gopobek Dabasamo", "000016-YN25JX-D2A484-U4YKUY-K64BYC-9X8VW4-WZE5VT-QW3NA5-C8D10V-NA0DQT"
"Unodasi Avuben", "000015-MFX7FP-DDNMEH-Z5RAT4-U6GKW6-9Y3PF5-8FE5VT-QW3NA5-C8D10V-NA0DQT"
"Vigodezu Fakadepe", "000015-33TNCW-Y7G0Q0-BEVTMB-3G7XDA-DNVFAE-AQE5VT-QW3NA5-C8D10V-NA0DQT"
"Zobige Upamag", "000017-4NN9CG-J408VA-FMXAQJ-CEQF3N-3EEU07-GKE5VT-QW3NA5-C8D10V-NA0DQT"
"Divomava Anebut", "000014-4BVK6M-6KP883-C91CNG-1MVY60-Y600B0-XZE5VT-QW3NA5-C8D10V-NA0DQT"
"Kesudo Finezob", "000017-1GPAWJ-HZ9ZQH-KWUGRN-BW19RQ-D1B3FB-QKE5VT-QW3NA5-C8D10V-NA0DQT"
"Zisusi Sozefem", "000014-UX5Q76-EDVA5J-H7HA98-3EE7PG-8CTR6V-8QE5VT-QW3NA5-C8D10V-NA0DQT"
"Fatufam Gesisa", "000014-QQD0AH-BZR2KA-GY4GF0-XT4QHP-V0JKP1-6FE5VT-QW3NA5-C8D10V-NA0DQT"
"Nirupe Deromoto", "000015-QUTD5B-10V872-FJN782-BY4XR8-XE09JP-QQE5VT-QW3NA5-C8D10V-NA0DQT"
"Vofopa Zupule", "000014-3NAZTK-ENC6P3-BRCCD0-WHTUXG-HW1HTR-MVE5VT-QW3NA5-C8D10V-NA0DQT"
"Petabag Tupagun", "000014-5H796W-3K6E8N-8HY841-9A35TC-V99G4N-QQE5VT-QW3NA5-C8D10V-NA0DQT"
"Abedip Tefufo", "000017-F9TJBH-9X47KB-NA53B8-P90K3Z-3RMPVY-WFE5VT-QW3NA5-C8D10V-NA0DQT"
"Pifanul Urimif", "000016-3KR717-3FM2XX-6K6F9T-763VF8-WFHE49-8ZE5VT-QW3NA5-C8D10V-NA0DQT"
"Bigeto Murepuv", "000015-KVNN4M-BN1QKA-H95DCK-Q7QNH3-PBBYD3-RKE5VT-QW3NA5-C8D10V-NA0DQT"
"Deduzal Otugokas", "000016-365TU8-BDU0E1-X6M039-NPHQ2Y-1A6215-90KNQ8-G0AX0A-B6KXZ2-018DYX"
"Delogi Penidovo", "000015-3TJEVG-11VECV-N612YZ-FUDEN8-KZ2CF5-BRKNQ8-G0AX0A-B6KXZ2-018DYX"
"Vusozov Lemato", "000014-ZZPD2E-3UD9Q1-CA1MZU-JFRPRY-9RWWC3-KRKNQ8-G0AX0A-B6KXZ2-018DYX"
"Lovutaz Uzavot", "000016-Y369QK-MH2H4W-91MR90-TPHKFF-FZ37DE-38KNQ8-G0AX0A-B6KXZ2-018DYX"
"Arutol Nipitomu", "000015-2ZGP8V-23H8CF-XYYURB-56XWB6-QHJUM7-9WKNQ8-G0AX0A-B6KXZ2-018DYX"
"Ozuniti Susogul", "000015-QEV8R8-EBH85V-7X0YYA-WAXWE4-389F3C-9WKNQ8-G0AX0A-B6KXZ2-018DYX"
"Vepudo Fetesenu", "000017-8192GG-ADB672-1B2PGR-EPK0NP-TTF3WN-QMKNQ8-G0AX0A-B6KXZ2-018DYX"
"Mutumo Ebufan", "000015-EMCC3X-7BA5MW-3NUD5G-G25F0W-4T4CWB-20KNQ8-G0AX0A-B6KXZ2-018DYX"
"Guletaz Gomigu", "000017-TU9791-CU3EGZ-KDFTYA-JP4VEV-26ZNCN-F4KNQ8-G0AX0A-B6KXZ2-018DYX"
"Sikapomi Vukasi", "000017-B9ZHDK-N5YT2F-KT13NX-TP0XZ5-6EDXTN-84KNQ8-G0AX0A-B6KXZ2-018DYX"
"Korafori Udimoke", "000014-WKGR8A-R5YW9T-FEFGEJ-MJHHGD-HH479E-68KNQ8-G0AX0A-B6KXZ2-018DYX"
"Pabufi Kolezi", "000014-28WFX4-K12X22-XE65EK-DJY8ZW-0T6D38-6MKNQ8-G0AX0A-B6KXZ2-018DYX"
"Avevalu Fobabe", "000016-BYDY43-JTTQ2K-8UZ7B4-KEKN4Y-RUYRKP-X8KNQ8-G0AX0A-B6KXZ2-018DYX"
"Uzuveta Visigap", "000014-WHNTYF-WP850J-0BVUXY-AWJ6XU-HM6VNF-FMKNQ8-G0AX0A-B6KXZ2-018DYX"
"Bugudize Tuzuden", "000014-YWU56Q-WDEPDP-WXZW2V-VXRYYW-3HQ1KU-HCKNQ8-G0AX0A-B6KXZ2-018DYX"
"Lonitida Maloni", "000016-KCXHHN-EEJYFM-EUCKF5-VX5J07-AH7BHG-UMKNQ8-G0AX0A-B6KXZ2-018DYX"
"Bofide Lotava", "000016-41Z7ZQ-YFU8M8-39QK9E-J5J6JE-9NA9JW-2MKNQ8-G0AX0A-B6KXZ2-018DYX"
"Sopifez Kefibu", "000014-ZMZA6X-ENK4KQ-E1ZZ3U-G8DW5A-3M7656-Y0KNQ8-G0AX0A-B6KXZ2-018DYX"
"Kefura Gorepa", "000014-T8P8X4-NNXFZA-8R95QD-E9UHJ4-TTMD0E-V2GP77-KEZUFZ-2URJN5-7JUCY6"
"Namovid Erovuz", "000017-X0FNNX-P8ZHXZ-4Z2ZYR-574ZK4-ZE373D-8AGP77-KEZUFZ-2URJN5-7JUCY6"
"Mavafo Badibo", "000015-2B5E22-KNMNXV-NFY9ME-A184RR-Y07NEB-1YGP77-KEZUFZ-2URJN5-7JUCY6"
"Gobaguv Zunolus", "000015-3KQT6E-M4C80P-REPJGA-3CHXQ8-7B3D90-MEGP77-KEZUFZ-2URJN5-7JUCY6"
"Ebeviti Ovevabel", "000014-60BAE4-2X186R-ZGU7ZY-VZA8H8-PRMEK3-36GP77-KEZUFZ-2URJN5-7JUCY6"
"Tiniso Gelumatu", "000016-2YB5CZ-4P7JNN-UBTVPK-75B19J-64FGMW-7EGP77-KEZUFZ-2URJN5-7JUCY6"
"Fakimus Neleda", "000016-VD7DA3-MNKE1Z-AE2A2B-WMX8DV-ADTJJY-RPGP77-KEZUFZ-2URJN5-7JUCY6"
"Govume Vitasu", "000017-MNRWN6-HMUGNW-3PGHWT-3X3G67-BQ9A00-2PGP77-KEZUFZ-2URJN5-7JUCY6"
"Mifipamo Fimeni", "000014-GWY4MX-NR063D-YE2TGA-4V0Z1N-C6B886-YPGP77-KEZUFZ-2URJN5-7JUCY6"
"Furuzig Agugerut", "000016-3FDQ0B-GWVRWB-YMUUCX-JUVUGN-NEVJC3-2YGP77-KEZUFZ-2URJN5-7JUCY6"
"Gunotefu Fikopi", "000016-05DMU2-19G01A-25CNV4-MEH1UH-0ZRC6X-YYGP77-KEZUFZ-2URJN5-7JUCY6"
"Zatikag Epeziza", "000014-PJ1N26-AA9E59-GU5G0F-YVBND0-Y32HTR-3JGP77-KEZUFZ-2URJN5-7JUCY6"
"Anarozan Urotevos", "000016-8W7F37-NFCPXV-PGEJD5-2B1ENJ-2XA8QK-ZUGP77-KEZUFZ-2URJN5-7JUCY6"
"Tubuse Peluse", "000015-J43NDD-84HEH0-DW7UQ5-CGHT02-UUT20H-AYGP77-KEZUFZ-2URJN5-7JUCY6"
"Vefime Nepetesi", "000016-Q53EWC-6N0W58-BPCQQP-MGAAWZ-70PTQ9-5JGP77-KEZUFZ-2URJN5-7JUCY6"
"Edapodol Semubo", "000017-WV7U4A-2XUBAD-1XDC92-DMWFHT-HJEPBJ-5PGP77-KEZUFZ-2URJN5-7JUCY6"
"Mononose Apureli", "000014-J0E5KB-RG7BWK-D7CDHR-YCV89Q-HZ5YXD-D6GP77-KEZUFZ-2URJN5-7JUCY6"
"Kugudev Medile", "000015-5H0ACA-KX56J5-GN68RM-G5H258-U0QKKJ-CAFNQ2-PR1V50-HV02AJ-MR6C7F"
"Rerafez Sisasot", "000017-6MN0PN-H6246H-BZ5WGY-MCMZAD-4MC6Q7-WPFNQ2-PR1V50-HV02AJ-MR6C7F"
"Pikazo Golezali", "000017-F522VQ-X5CFB2-N8YR4Y-60XZUZ-4Z8CFQ-TPFNQ2-PR1V50-HV02AJ-MR6C7F"
"Dilida Doguniz", "000015-Z249CD-58B5HE-FF6UN7-1EXQN1-W3WMRU-W6FNQ2-PR1V50-HV02AJ-MR6C7F"
"Fugamek Donivi", "000017-NR4M1D-UHGWD7-8AHEKM-CMA029-XDA5Z2-VPFNQ2-PR1V50-HV02AJ-MR6C7F"
"Dinovino Tudumu", "000015-N0GK2A-A2RB84-RGNKBW-G06XJ3-HBU5DY-ZPFNQ2-PR1V50-HV02AJ-MR6C7F"
"Minagibo Fegigepo", "000014-Q0BGQQ-T6MXQF-ARYC3N-R40UCU-D4JVCJ-GUFNQ2-PR1V50-HV02AJ-MR6C7F"
"Setegegi Fesavu", "000017-NQ764E-EGZWVC-7YMC6J-M0QWGH-9DCPHV-8UFNQ2-PR1V50-HV02AJ-MR6C7F"
